"Conjunto","Alfa","Acesso-Medio"
0,2,1
0,4,1.025
0,6,1.01667
0,8,1.0375
0,10,1.03
0,12,1.03333
0,14,1.06429
0,16,1.075
0,18,1.07778
0,20,1.09
0,22,1.1
0,24,1.10833
0,26,1.13077
0,28,1.13571
0,30,1.14
0,32,1.15
0,34,1.16176
0,36,1.17222
0,38,1.17632
0,40,1.1875
0,42,1.20238
0,44,1.21136
0,46,1.22174
0,48,1.22708
0,50,1.242
0,52,1.24808
0,54,1.2463
0,56,1.25536
0,58,1.26897
0,60,1.275
0,62,1.28387
0,64,1.29375
0,66,1.29848
0,68,1.30735
0,70,1.32571
0,72,1.33333
0,74,1.33378
0,76,1.34342
0,78,1.34487
0,80,1.3475
0,82,1.35244
0,84,1.35833
0,86,1.3686
0,88,1.37614
0,90,1.39778
0,92,1.41087
0,94,1.42128
0,96,1.42708
0,98,1.44694
1,2,1
1,4,1
1,6,1.01667
1,8,1.0125
1,10,1.02
1,12,1.03333
1,14,1.03571
1,16,1.05625
1,18,1.05556
1,20,1.075
1,22,1.08636
1,24,1.0875
1,26,1.09615
1,28,1.10714
1,30,1.10333
1,32,1.11875
1,34,1.12059
1,36,1.13333
1,38,1.16316
1,40,1.1725
1,42,1.17619
1,44,1.18636
1,46,1.1913
1,48,1.20417
1,50,1.216
1,52,1.22115
1,54,1.22407
1,56,1.23571
1,58,1.24483
1,60,1.25
1,62,1.27258
1,64,1.27969
1,66,1.28788
1,68,1.30294
1,70,1.30286
1,72,1.31111
1,74,1.32703
1,76,1.33947
1,78,1.34103
1,80,1.35125
1,82,1.35854
1,84,1.36548
1,86,1.37326
1,88,1.39318
1,90,1.40111
1,92,1.40652
1,94,1.41064
1,96,1.42083
1,98,1.42653
2,2,1
2,4,1.025
2,6,1.01667
2,8,1.0375
2,10,1.06
2,12,1.06667
2,14,1.07857
2,16,1.075
2,18,1.07778
2,20,1.095
2,22,1.1
2,24,1.09583
2,26,1.10769
2,28,1.12143
2,30,1.13
2,32,1.14062
2,34,1.15
2,36,1.15833
2,38,1.16842
2,40,1.1675
2,42,1.18333
2,44,1.18182
2,46,1.18913
2,48,1.20833
2,50,1.208
2,52,1.21538
2,54,1.22407
2,56,1.22857
2,58,1.24138
2,60,1.24667
2,62,1.26774
2,64,1.275
2,66,1.27727
2,68,1.29118
2,70,1.30286
2,72,1.30972
2,74,1.31622
2,76,1.32237
2,78,1.33462
2,80,1.3475
2,82,1.35976
2,84,1.37024
2,86,1.38256
2,88,1.39886
2,90,1.41111
2,92,1.42391
2,94,1.43191
2,96,1.44792
2,98,1.45816
3,2,1
3,4,1
3,6,1
3,8,1
3,10,1
3,12,1
3,14,1.02857
3,16,1.05
3,18,1.06111
3,20,1.105
3,22,1.09545
3,24,1.09583
3,26,1.1
3,28,1.11429
3,30,1.12
3,32,1.14375
3,34,1.15294
3,36,1.16667
3,38,1.17368
3,40,1.195
3,42,1.20952
3,44,1.21818
3,46,1.21739
3,48,1.22292
3,50,1.236
3,52,1.25
3,54,1.25741
3,56,1.25536
3,58,1.26552
3,60,1.28167
3,62,1.28387
3,64,1.2875
3,66,1.29697
3,68,1.30441
3,70,1.31571
3,72,1.32361
3,74,1.32838
3,76,1.33158
3,78,1.33718
3,80,1.345
3,82,1.35366
3,84,1.35833
3,86,1.36512
3,88,1.37045
3,90,1.38556
3,92,1.40326
3,94,1.40851
3,96,1.41667
3,98,1.42245
4,2,1
4,4,1.025
4,6,1.11667
4,8,1.0875
4,10,1.08
4,12,1.06667
4,14,1.05714
4,16,1.075
4,18,1.07778
4,20,1.105
4,22,1.11364
4,24,1.1375
4,26,1.13846
4,28,1.14286
4,30,1.15333
4,32,1.16875
4,34,1.18824
4,36,1.18611
4,38,1.18684
4,40,1.205
4,42,1.23095
4,44,1.23636
4,46,1.24348
4,48,1.24583
4,50,1.248
4,52,1.25385
4,54,1.26481
4,56,1.26071
4,58,1.27069
4,60,1.27833
4,62,1.28548
4,64,1.29062
4,66,1.30303
4,68,1.31765
4,70,1.33143
4,72,1.34444
4,74,1.35
4,76,1.35
4,78,1.36026
4,80,1.365
4,82,1.37195
4,84,1.37619
4,86,1.38837
4,88,1.39205
4,90,1.40111
4,92,1.4163
4,94,1.41596
4,96,1.41979
4,98,1.42857
5,2,1
5,4,1
5,6,1
5,8,1.0375
5,10,1.06
5,12,1.06667
5,14,1.07857
5,16,1.08125
5,18,1.08333
5,20,1.08
5,22,1.08182
5,24,1.08333
5,26,1.09615
5,28,1.1
5,30,1.10667
5,32,1.11875
5,34,1.13529
5,36,1.13611
5,38,1.15263
5,40,1.1675
5,42,1.17143
5,44,1.18409
5,46,1.18913
5,48,1.19375
5,50,1.21
5,52,1.21538
5,54,1.22222
5,56,1.225
5,58,1.23966
5,60,1.24
5,62,1.24839
5,64,1.2625
5,66,1.27121
5,68,1.27941
5,70,1.28429
5,72,1.28611
5,74,1.3027
5,76,1.31184
5,78,1.31282
5,80,1.31375
5,82,1.32195
5,84,1.33333
5,86,1.34419
5,88,1.35682
5,90,1.36556
5,92,1.37283
5,94,1.38617
5,96,1.4
5,98,1.41327
6,2,1
6,4,1
6,6,1
6,8,1.0375
6,10,1.03
6,12,1.03333
6,14,1.03571
6,16,1.05625
6,18,1.05556
6,20,1.085
6,22,1.09545
6,24,1.1
6,26,1.09615
6,28,1.09643
6,30,1.11667
6,32,1.12812
6,34,1.14412
6,36,1.14444
6,38,1.15263
6,40,1.1575
6,42,1.16667
6,44,1.175
6,46,1.18913
6,48,1.18958
6,50,1.198
6,52,1.20577
6,54,1.22037
6,56,1.22143
6,58,1.22586
6,60,1.23167
6,62,1.24677
6,64,1.24688
6,66,1.25303
6,68,1.26324
6,70,1.26571
6,72,1.275
6,74,1.28243
6,76,1.29737
6,78,1.3
6,80,1.31
6,82,1.32927
6,84,1.3381
6,86,1.35116
6,88,1.35682
6,90,1.36333
6,92,1.37283
6,94,1.38404
6,96,1.39271
6,98,1.40306
7,2,1
7,4,1.025
7,6,1.01667
7,8,1.0375
7,10,1.03
7,12,1.05
7,14,1.04286
7,16,1.0375
7,18,1.06667
7,20,1.07
7,22,1.07727
7,24,1.07917
7,26,1.09615
7,28,1.10357
7,30,1.12333
7,32,1.14062
7,34,1.15882
7,36,1.16944
7,38,1.17368
7,40,1.185
7,42,1.19048
7,44,1.20455
7,46,1.21522
7,48,1.22083
7,50,1.222
7,52,1.23462
7,54,1.23704
7,56,1.24643
7,58,1.25345
7,60,1.25833
7,62,1.27097
7,64,1.27813
7,66,1.28333
7,68,1.29559
7,70,1.30286
7,72,1.30694
7,74,1.31757
7,76,1.32105
7,78,1.33077
7,80,1.335
7,82,1.34512
7,84,1.34881
7,86,1.3593
7,88,1.36932
7,90,1.38333
7,92,1.38804
7,94,1.4
7,96,1.40833
7,98,1.41837
8,2,1
8,4,1.025
8,6,1.01667
8,8,1.0375
8,10,1.04
8,12,1.04167
8,14,1.03571
8,16,1.04375
8,18,1.05
8,20,1.065
8,22,1.08636
8,24,1.1
8,26,1.1
8,28,1.10357
8,30,1.11
8,32,1.13437
8,34,1.14706
8,36,1.16389
8,38,1.16842
8,40,1.1875
8,42,1.19762
8,44,1.20682
8,46,1.2087
8,48,1.21458
8,50,1.242
8,52,1.25385
8,54,1.25556
8,56,1.26429
8,58,1.27241
8,60,1.28167
8,62,1.29839
8,64,1.31094
8,66,1.31667
8,68,1.32059
8,70,1.33286
8,72,1.34583
8,74,1.34865
8,76,1.35526
8,78,1.36026
8,80,1.37
8,82,1.39024
8,84,1.40119
8,86,1.41047
8,88,1.41477
8,90,1.41222
8,92,1.42065
8,94,1.4266
8,96,1.43333
8,98,1.45102
9,2,1
9,4,1
9,6,1
9,8,1.025
9,10,1.05
9,12,1.06667
9,14,1.07143
9,16,1.0625
9,18,1.06667
9,20,1.08
9,22,1.08636
9,24,1.10417
9,26,1.11923
9,28,1.14286
9,30,1.15
9,32,1.15313
9,34,1.15882
9,36,1.17222
9,38,1.17105
9,40,1.1825
9,42,1.20952
9,44,1.21136
9,46,1.22174
9,48,1.23333
9,50,1.24
9,52,1.24231
9,54,1.25
9,56,1.25536
9,58,1.26034
9,60,1.275
9,62,1.29355
9,64,1.30313
9,66,1.31212
9,68,1.31912
9,70,1.33143
9,72,1.34167
9,74,1.35
9,76,1.36184
9,78,1.36667
9,80,1.38
9,82,1.38902
9,84,1.39048
9,86,1.39651
9,88,1.40114
9,90,1.41778
9,92,1.43043
9,94,1.43404
9,96,1.44271
9,98,1.4551
10,2,1
10,4,1
10,6,1.01667
10,8,1.025
10,10,1.04
10,12,1.04167
10,14,1.04286
10,16,1.05625
10,18,1.06111
10,20,1.075
10,22,1.09091
10,24,1.1125
10,26,1.13846
10,28,1.16071
10,30,1.15667
10,32,1.15625
10,34,1.16176
10,36,1.16944
10,38,1.17895
10,40,1.19
10,42,1.20238
10,44,1.21136
10,46,1.21957
10,48,1.225
10,50,1.23
10,52,1.23077
10,54,1.23519
10,56,1.25
10,58,1.26897
10,60,1.28
10,62,1.28387
10,64,1.28437
10,66,1.29848
10,68,1.30294
10,70,1.31429
10,72,1.325
10,74,1.33649
10,76,1.34605
10,78,1.34487
10,80,1.3475
10,82,1.35854
10,84,1.36905
10,86,1.37791
10,88,1.38523
10,90,1.39556
10,92,1.40652
10,94,1.41702
10,96,1.42188
10,98,1.43776
11,2,1
11,4,1.05
11,6,1.05
11,8,1.05
11,10,1.06
11,12,1.06667
11,14,1.07857
11,16,1.075
11,18,1.07778
11,20,1.095
11,22,1.12727
11,24,1.1375
11,26,1.15769
11,28,1.16071
11,30,1.16667
11,32,1.175
11,34,1.18529
11,36,1.18611
11,38,1.18947
11,40,1.195
11,42,1.22143
11,44,1.24545
11,46,1.25217
11,48,1.2625
11,50,1.26
11,52,1.26154
11,54,1.26481
11,56,1.27143
11,58,1.28276
11,60,1.28167
11,62,1.2871
11,64,1.30313
11,66,1.30606
11,68,1.31324
11,70,1.31714
11,72,1.32361
11,74,1.33378
11,76,1.33947
11,78,1.35
11,80,1.35875
11,82,1.36585
11,84,1.37143
11,86,1.37791
11,88,1.38864
11,90,1.40333
11,92,1.42283
11,94,1.42979
11,96,1.4375
11,98,1.45
12,2,1
12,4,1.05
12,6,1.05
12,8,1.0375
12,10,1.04
12,12,1.04167
12,14,1.05
12,16,1.0625
12,18,1.07222
12,20,1.09
12,22,1.08636
12,24,1.10833
12,26,1.12692
12,28,1.13929
12,30,1.15667
12,32,1.15313
12,34,1.15588
12,36,1.16944
12,38,1.17895
12,40,1.1975
12,42,1.20714
12,44,1.20227
12,46,1.21087
12,48,1.21875
12,50,1.224
12,52,1.23269
12,54,1.23333
12,56,1.25
12,58,1.25862
12,60,1.26667
12,62,1.27742
12,64,1.28594
12,66,1.29394
12,68,1.30294
12,70,1.31143
12,72,1.32083
12,74,1.32568
12,76,1.34211
12,78,1.35385
12,80,1.36125
12,82,1.36707
12,84,1.37381
12,86,1.3814
12,88,1.38864
12,90,1.39556
12,92,1.4
12,94,1.41277
12,96,1.42396
12,98,1.43571
13,2,1
13,4,1.025
13,6,1.01667
13,8,1.025
13,10,1.02
13,12,1.025
13,14,1.02857
13,16,1.03125
13,18,1.03889
13,20,1.05
13,22,1.06818
13,24,1.075
13,26,1.07308
13,28,1.08571
13,30,1.08667
13,32,1.09687
13,34,1.10294
13,36,1.11111
13,38,1.11842
13,40,1.135
13,42,1.1381
13,44,1.15
13,46,1.16087
13,48,1.16458
13,50,1.172
13,52,1.18269
13,54,1.2
13,56,1.20179
13,58,1.21724
13,60,1.24333
13,62,1.25484
13,64,1.26406
13,66,1.27727
13,68,1.28235
13,70,1.28857
13,72,1.3
13,74,1.30811
13,76,1.32105
13,78,1.33077
13,80,1.3375
13,82,1.34146
13,84,1.35238
13,86,1.3686
13,88,1.38068
13,90,1.39
13,92,1.39783
13,94,1.4117
13,96,1.425
13,98,1.43163
14,2,1
14,4,1
14,6,1.03333
14,8,1.0375
14,10,1.04
14,12,1.05833
14,14,1.05
14,16,1.05
14,18,1.05
14,20,1.07
14,22,1.08182
14,24,1.07917
14,26,1.07692
14,28,1.09643
14,30,1.11333
14,32,1.12812
14,34,1.13529
14,36,1.13889
14,38,1.15
14,40,1.1675
14,42,1.17857
14,44,1.17727
14,46,1.17826
14,48,1.19792
14,50,1.206
14,52,1.22692
14,54,1.23519
14,56,1.24464
14,58,1.25517
14,60,1.25333
14,62,1.25806
14,64,1.2625
14,66,1.26818
14,68,1.27647
14,70,1.28857
14,72,1.31111
14,74,1.32027
14,76,1.33289
14,78,1.34231
14,80,1.34875
14,82,1.35488
14,84,1.36786
14,86,1.37791
14,88,1.3875
14,90,1.39444
14,92,1.40761
14,94,1.41489
14,96,1.42604
14,98,1.42653
15,2,1
15,4,1.05
15,6,1.03333
15,8,1.025
15,10,1.03
15,12,1.04167
15,14,1.05
15,16,1.0625
15,18,1.07778
15,20,1.08
15,22,1.09091
15,24,1.1
15,26,1.10769
15,28,1.11429
15,30,1.12
15,32,1.13437
15,34,1.15
15,36,1.16111
15,38,1.16316
15,40,1.185
15,42,1.20476
15,44,1.22273
15,46,1.22826
15,48,1.24583
15,50,1.25
15,52,1.26154
15,54,1.26481
15,56,1.275
15,58,1.27414
15,60,1.28333
15,62,1.29839
15,64,1.29688
15,66,1.29545
15,68,1.30882
15,70,1.31714
15,72,1.33056
15,74,1.33919
15,76,1.35263
15,78,1.35897
15,80,1.37
15,82,1.37561
15,84,1.38095
15,86,1.39186
15,88,1.4125
15,90,1.41333
15,92,1.42174
15,94,1.42766
15,96,1.43854
15,98,1.44286
16,2,1
16,4,1.025
16,6,1.01667
16,8,1.025
16,10,1.04
16,12,1.05833
16,14,1.06429
16,16,1.0625
16,18,1.08333
16,20,1.095
16,22,1.09545
16,24,1.1125
16,26,1.11923
16,28,1.12857
16,30,1.13333
16,32,1.1375
16,34,1.14118
16,36,1.15278
16,38,1.16053
16,40,1.1625
16,42,1.17143
16,44,1.18409
16,46,1.19565
16,48,1.19583
16,50,1.208
16,52,1.22692
16,54,1.24074
16,56,1.24821
16,58,1.26034
16,60,1.265
16,62,1.27903
16,64,1.29062
16,66,1.29394
16,68,1.29853
16,70,1.30857
16,72,1.31528
16,74,1.31757
16,76,1.32763
16,78,1.33974
16,80,1.35
16,82,1.35976
16,84,1.36548
16,86,1.37791
16,88,1.39318
16,90,1.39889
16,92,1.40217
16,94,1.40851
16,96,1.42396
16,98,1.42857
17,2,1
17,4,1
17,6,1.01667
17,8,1.0375
17,10,1.03
17,12,1.05
17,14,1.05
17,16,1.05
17,18,1.06111
17,20,1.065
17,22,1.07727
17,24,1.0875
17,26,1.09615
17,28,1.10714
17,30,1.12
17,32,1.12188
17,34,1.11765
17,36,1.12778
17,38,1.13947
17,40,1.14
17,42,1.14762
17,44,1.15909
17,46,1.17826
17,48,1.19167
17,50,1.202
17,52,1.23077
17,54,1.24259
17,56,1.25
17,58,1.27241
17,60,1.27833
17,62,1.29516
17,64,1.3
17,66,1.30606
17,68,1.31765
17,70,1.32571
17,72,1.32778
17,74,1.34189
17,76,1.35789
17,78,1.36667
17,80,1.375
17,82,1.38049
17,84,1.39405
17,86,1.40465
17,88,1.41818
17,90,1.42667
17,92,1.43152
17,94,1.44468
17,96,1.45417
17,98,1.46429
18,2,1
18,4,1.025
18,6,1.01667
18,8,1.0375
18,10,1.06
18,12,1.09167
18,14,1.08571
18,16,1.0875
18,18,1.09444
18,20,1.1
18,22,1.12727
18,24,1.12917
18,26,1.13077
18,28,1.14643
18,30,1.14667
18,32,1.15
18,34,1.17353
18,36,1.18611
18,38,1.19211
18,40,1.1925
18,42,1.20476
18,44,1.21136
18,46,1.2087
18,48,1.21875
18,50,1.22
18,52,1.24038
18,54,1.25556
18,56,1.2625
18,58,1.26897
18,60,1.27833
18,62,1.28387
18,64,1.29062
18,66,1.30758
18,68,1.31029
18,70,1.31143
18,72,1.325
18,74,1.33649
18,76,1.34605
18,78,1.36026
18,80,1.36625
18,82,1.37195
18,84,1.38333
18,86,1.38837
18,88,1.39432
18,90,1.40333
18,92,1.40435
18,94,1.41489
18,96,1.425
18,98,1.42959
19,2,1
19,4,1
19,6,1.01667
19,8,1.0625
19,10,1.06
19,12,1.08333
19,14,1.09286
19,16,1.0875
19,18,1.08889
19,20,1.1
19,22,1.10909
19,24,1.10833
19,26,1.10385
19,28,1.11071
19,30,1.11333
19,32,1.12812
19,34,1.12941
19,36,1.14444
19,38,1.16053
19,40,1.1625
19,42,1.16905
19,44,1.18864
19,46,1.19565
19,48,1.21667
19,50,1.216
19,52,1.23462
19,54,1.24815
19,56,1.25714
19,58,1.26207
19,60,1.27667
19,62,1.28065
19,64,1.27656
19,66,1.28939
19,68,1.29559
19,70,1.30143
19,72,1.30694
19,74,1.31622
19,76,1.32763
19,78,1.33205
19,80,1.34125
19,82,1.34634
19,84,1.35595
19,86,1.35814
19,88,1.37045
19,90,1.37444
19,92,1.39348
19,94,1.40638
19,96,1.41146
19,98,1.42143
20,2,1
20,4,1.025
20,6,1.01667
20,8,1.0375
20,10,1.05
20,12,1.05833
20,14,1.07143
20,16,1.06875
20,18,1.07222
20,20,1.08
20,22,1.09545
20,24,1.10417
20,26,1.12308
20,28,1.13929
20,30,1.13667
20,32,1.15
20,34,1.15588
20,36,1.15278
20,38,1.16842
20,40,1.18
20,42,1.18333
20,44,1.20455
20,46,1.21739
20,48,1.23958
20,50,1.26
20,52,1.26154
20,54,1.26481
20,56,1.275
20,58,1.27241
20,60,1.28833
20,62,1.29839
20,64,1.30781
20,66,1.31061
20,68,1.31471
20,70,1.32714
20,72,1.34861
20,74,1.35811
20,76,1.36711
20,78,1.37308
20,80,1.38375
20,82,1.39512
20,84,1.40357
20,86,1.41395
20,88,1.42159
20,90,1.42556
20,92,1.43913
20,94,1.44255
20,96,1.44687
20,98,1.4551
21,2,1
21,4,1
21,6,1
21,8,1.025
21,10,1.03
21,12,1.04167
21,14,1.06429
21,16,1.075
21,18,1.07222
21,20,1.085
21,22,1.09091
21,24,1.09583
21,26,1.09615
21,28,1.1
21,30,1.1
21,32,1.12812
21,34,1.14706
21,36,1.15556
21,38,1.15
21,40,1.1525
21,42,1.15238
21,44,1.15909
21,46,1.16739
21,48,1.17083
21,50,1.184
21,52,1.20192
21,54,1.23333
21,56,1.2375
21,58,1.25172
21,60,1.25667
21,62,1.27097
21,64,1.27969
21,66,1.28939
21,68,1.3
21,70,1.30286
21,72,1.31528
21,74,1.32027
21,76,1.32632
21,78,1.33462
21,80,1.33375
21,82,1.34756
21,84,1.36429
21,86,1.36977
21,88,1.37727
21,90,1.39667
21,92,1.40543
21,94,1.41277
21,96,1.42396
21,98,1.42857
22,2,1
22,4,1
22,6,1.01667
22,8,1.0125
22,10,1.02
22,12,1.03333
22,14,1.04286
22,16,1.04375
22,18,1.05556
22,20,1.055
22,22,1.06818
22,24,1.09167
22,26,1.1
22,28,1.1
22,30,1.1
22,32,1.1125
22,34,1.11765
22,36,1.11944
22,38,1.13684
22,40,1.145
22,42,1.15714
22,44,1.16591
22,46,1.16957
22,48,1.17708
22,50,1.188
22,52,1.20385
22,54,1.21852
22,56,1.225
22,58,1.22759
22,60,1.22833
22,62,1.23226
22,64,1.23906
22,66,1.25606
22,68,1.26471
22,70,1.27286
22,72,1.28194
22,74,1.3
22,76,1.31184
22,78,1.32179
22,80,1.325
22,82,1.33171
22,84,1.33929
22,86,1.34535
22,88,1.35341
22,90,1.36
22,92,1.38043
22,94,1.39149
22,96,1.40208
22,98,1.41122
23,2,1
23,4,1.025
23,6,1.01667
23,8,1.0375
23,10,1.04
23,12,1.04167
23,14,1.05
23,16,1.04375
23,18,1.05
23,20,1.075
23,22,1.09545
23,24,1.1
23,26,1.10769
23,28,1.12143
23,30,1.12333
23,32,1.13437
23,34,1.13824
23,36,1.15278
23,38,1.16053
23,40,1.175
23,42,1.17857
23,44,1.20227
23,46,1.20652
23,48,1.21458
23,50,1.228
23,52,1.23269
23,54,1.24259
23,56,1.24821
23,58,1.25862
23,60,1.26833
23,62,1.27742
23,64,1.27813
23,66,1.29091
23,68,1.3
23,70,1.30571
23,72,1.31528
23,74,1.32432
23,76,1.33947
23,78,1.34487
23,80,1.35875
23,82,1.36463
23,84,1.36905
23,86,1.37326
23,88,1.38295
23,90,1.39
23,92,1.3913
23,94,1.39468
23,96,1.40208
23,98,1.41633
24,2,1
24,4,1.025
24,6,1.01667
24,8,1.025
24,10,1.04
24,12,1.04167
24,14,1.05
24,16,1.05
24,18,1.04444
24,20,1.055
24,22,1.07273
24,24,1.075
24,26,1.08462
24,28,1.11071
24,30,1.12
24,32,1.12188
24,34,1.12647
24,36,1.13611
24,38,1.14737
24,40,1.1525
24,42,1.16905
24,44,1.17955
24,46,1.18261
24,48,1.19167
24,50,1.202
24,52,1.21154
24,54,1.22222
24,56,1.23393
24,58,1.23966
24,60,1.26167
24,62,1.26774
24,64,1.27656
24,66,1.28333
24,68,1.28529
24,70,1.29286
24,72,1.30556
24,74,1.31486
24,76,1.32763
24,78,1.3359
24,80,1.34375
24,82,1.3561
24,84,1.3631
24,86,1.37093
24,88,1.37727
24,90,1.38333
24,92,1.39022
24,94,1.39681
24,96,1.40208
24,98,1.41122
25,2,1
25,4,1
25,6,1.03333
25,8,1.0625
25,10,1.06
25,12,1.075
25,14,1.08571
25,16,1.10625
25,18,1.1
25,20,1.115
25,22,1.14091
25,24,1.14167
25,26,1.15385
25,28,1.15357
25,30,1.16
25,32,1.1625
25,34,1.16471
25,36,1.17222
25,38,1.17105
25,40,1.19
25,42,1.1881
25,44,1.18636
25,46,1.18913
25,48,1.19375
25,50,1.202
25,52,1.20962
25,54,1.21481
25,56,1.22143
25,58,1.22586
25,60,1.22833
25,62,1.23387
25,64,1.23906
25,66,1.25303
25,68,1.26471
25,70,1.27429
25,72,1.29722
25,74,1.30541
25,76,1.31316
25,78,1.32436
25,80,1.33125
25,82,1.33659
25,84,1.35119
25,86,1.36047
25,88,1.36705
25,90,1.37556
25,92,1.3837
25,94,1.39468
25,96,1.40208
25,98,1.40612
26,2,1
26,4,1
26,6,1
26,8,1.025
26,10,1.03
26,12,1.03333
26,14,1.04286
26,16,1.0625
26,18,1.07222
26,20,1.075
26,22,1.09091
26,24,1.10833
26,26,1.11538
26,28,1.11429
26,30,1.12333
26,32,1.12812
26,34,1.13235
26,36,1.13333
26,38,1.15526
26,40,1.165
26,42,1.16667
26,44,1.18182
26,46,1.1913
26,48,1.19167
26,50,1.194
26,52,1.21154
26,54,1.21852
26,56,1.21786
26,58,1.22241
26,60,1.23167
26,62,1.24032
26,64,1.24688
26,66,1.25455
26,68,1.26029
26,70,1.27429
26,72,1.28333
26,74,1.29324
26,76,1.30395
26,78,1.31538
26,80,1.32
26,82,1.33293
26,84,1.34048
26,86,1.35
26,88,1.35341
26,90,1.36667
26,92,1.375
26,94,1.38404
26,96,1.39271
26,98,1.40102
27,2,1.05
27,4,1.025
27,6,1.03333
27,8,1.0375
27,10,1.05
27,12,1.05833
27,14,1.05714
27,16,1.05625
27,18,1.07778
27,20,1.095
27,22,1.1
27,24,1.10833
27,26,1.10769
27,28,1.13214
27,30,1.14333
27,32,1.14688
27,34,1.15294
27,36,1.16111
27,38,1.17632
27,40,1.18
27,42,1.18571
27,44,1.18636
27,46,1.20217
27,48,1.20208
27,50,1.218
27,52,1.23654
27,54,1.25741
27,56,1.26964
27,58,1.28448
27,60,1.29667
27,62,1.3
27,64,1.30469
27,66,1.31364
27,68,1.31912
27,70,1.33429
27,72,1.33333
27,74,1.35676
27,76,1.36316
27,78,1.36923
27,80,1.3825
27,82,1.3939
27,84,1.40357
27,86,1.41395
27,88,1.425
27,90,1.42778
27,92,1.43587
27,94,1.44149
27,96,1.44792
27,98,1.45816
28,2,1
28,4,1
28,6,1
28,8,1
28,10,1
28,12,1
28,14,1.02857
28,16,1.0375
28,18,1.05
28,20,1.07
28,22,1.07727
28,24,1.09167
28,26,1.10769
28,28,1.10714
28,30,1.13667
28,32,1.14688
28,34,1.15588
28,36,1.16667
28,38,1.17368
28,40,1.18
28,42,1.19286
28,44,1.19773
28,46,1.20435
28,48,1.21458
28,50,1.22
28,52,1.22885
28,54,1.23704
28,56,1.25
28,58,1.25862
28,60,1.26333
28,62,1.26935
28,64,1.27344
28,66,1.29242
28,68,1.29265
28,70,1.29571
28,72,1.30556
28,74,1.30676
28,76,1.32237
28,78,1.33077
28,80,1.3425
28,82,1.35732
28,84,1.37024
28,86,1.37907
28,88,1.38523
28,90,1.39778
28,92,1.4087
28,94,1.41702
28,96,1.42917
28,98,1.44286
29,2,1
29,4,1
29,6,1.01667
29,8,1.025
29,10,1.03
29,12,1.05833
29,14,1.05714
29,16,1.075
29,18,1.07778
29,20,1.08
29,22,1.09091
29,24,1.0875
29,26,1.10769
29,28,1.11429
29,30,1.12
29,32,1.125
29,34,1.14118
29,36,1.13889
29,38,1.14737
29,40,1.16
29,42,1.17143
29,44,1.18409
29,46,1.1913
29,48,1.19583
29,50,1.208
29,52,1.21923
29,54,1.22222
29,56,1.23393
29,58,1.2431
29,60,1.25167
29,62,1.2629
29,64,1.26875
29,66,1.27879
29,68,1.28676
29,70,1.29571
29,72,1.30694
29,74,1.31757
29,76,1.32895
29,78,1.33333
29,80,1.3475
29,82,1.3561
29,84,1.37262
29,86,1.38488
29,88,1.39659
29,90,1.40889
29,92,1.41848
29,94,1.42447
29,96,1.43646
29,98,1.44388
30,2,1
30,4,1.075
30,6,1.06667
30,8,1.075
30,10,1.08
30,12,1.075
30,14,1.07857
30,16,1.09375
30,18,1.11111
30,20,1.115
30,22,1.12727
30,24,1.14167
30,26,1.13846
30,28,1.16071
30,30,1.16667
30,32,1.16562
30,34,1.18529
30,36,1.18611
30,38,1.18947
30,40,1.1975
30,42,1.20476
30,44,1.21364
30,46,1.21304
30,48,1.21875
30,50,1.232
30,52,1.23077
30,54,1.23333
30,56,1.2375
30,58,1.24483
30,60,1.26
30,62,1.27258
30,64,1.28281
30,66,1.3
30,68,1.30294
30,70,1.30714
30,72,1.325
30,74,1.33514
30,76,1.34605
30,78,1.36026
30,80,1.3625
30,82,1.37439
30,84,1.37857
30,86,1.38953
30,88,1.4
30,90,1.41222
30,92,1.41739
30,94,1.43511
30,96,1.44479
30,98,1.4551
31,2,1
31,4,1.025
31,6,1.01667
31,8,1.025
31,10,1.03
31,12,1.04167
31,14,1.04286
31,16,1.06875
31,18,1.07222
31,20,1.085
31,22,1.09091
31,24,1.09583
31,26,1.08846
31,28,1.09643
31,30,1.10667
31,32,1.1125
31,34,1.12353
31,36,1.12778
31,38,1.13158
31,40,1.1375
31,42,1.15476
31,44,1.16136
31,46,1.16957
31,48,1.18333
31,50,1.194
31,52,1.21538
31,54,1.22593
31,56,1.24464
31,58,1.26552
31,60,1.27167
31,62,1.27903
31,64,1.27969
31,66,1.28939
31,68,1.29412
31,70,1.29286
31,72,1.3125
31,74,1.32432
31,76,1.33684
31,78,1.34744
31,80,1.35875
31,82,1.36707
31,84,1.37857
31,86,1.38721
31,88,1.39205
31,90,1.4
31,92,1.40652
31,94,1.41915
31,96,1.43125
31,98,1.43673
32,2,1
32,4,1
32,6,1
32,8,1.0125
32,10,1.01
32,12,1.01667
32,14,1.04286
32,16,1.04375
32,18,1.07222
32,20,1.07
32,22,1.07273
32,24,1.0875
32,26,1.1
32,28,1.09643
32,30,1.1
32,32,1.10938
32,34,1.11471
32,36,1.11944
32,38,1.12632
32,40,1.13
32,42,1.1381
32,44,1.14545
32,46,1.15652
32,48,1.16875
32,50,1.18
32,52,1.19615
32,54,1.19815
32,56,1.20179
32,58,1.21379
32,60,1.21333
32,62,1.21935
32,64,1.22969
32,66,1.2303
32,68,1.24265
32,70,1.25143
32,72,1.25972
32,74,1.27297
32,76,1.28553
32,78,1.29359
32,80,1.3025
32,82,1.31463
32,84,1.33095
32,86,1.33953
32,88,1.35227
32,90,1.36222
32,92,1.37391
32,94,1.39043
32,96,1.4
32,98,1.41327
33,2,1.05
33,4,1.025
33,6,1.03333
33,8,1.0375
33,10,1.07
33,12,1.1
33,14,1.09286
33,16,1.1
33,18,1.1
33,20,1.12
33,22,1.12273
33,24,1.1375
33,26,1.13462
33,28,1.14286
33,30,1.14333
33,32,1.14688
33,34,1.14706
33,36,1.16389
33,38,1.18421
33,40,1.2025
33,42,1.21429
33,44,1.22273
33,46,1.22174
33,48,1.22292
33,50,1.232
33,52,1.24038
33,54,1.24815
33,56,1.24821
33,58,1.25862
33,60,1.26333
33,62,1.27903
33,64,1.2875
33,66,1.30303
33,68,1.31471
33,70,1.32286
33,72,1.33333
33,74,1.34459
33,76,1.35263
33,78,1.36026
33,80,1.36375
33,82,1.37317
33,84,1.37381
33,86,1.38488
33,88,1.38864
33,90,1.39111
33,92,1.40326
33,94,1.41064
33,96,1.41979
33,98,1.42347
34,2,1.05
34,4,1.1
34,6,1.06667
34,8,1.0625
34,10,1.05
34,12,1.05833
34,14,1.06429
34,16,1.0625
34,18,1.07778
34,20,1.095
34,22,1.12273
34,24,1.14167
34,26,1.13846
34,28,1.14643
34,30,1.15667
34,32,1.175
34,34,1.18529
34,36,1.19444
34,38,1.19737
34,40,1.2075
34,42,1.22381
34,44,1.23409
34,46,1.23913
34,48,1.24583
34,50,1.242
34,52,1.25192
34,54,1.25741
34,56,1.26071
34,58,1.26724
34,60,1.28
34,62,1.2871
34,64,1.3
34,66,1.31515
34,68,1.32059
34,70,1.32286
34,72,1.32639
34,74,1.33784
34,76,1.35
34,78,1.36282
34,80,1.37875
34,82,1.39512
34,84,1.40357
34,86,1.40698
34,88,1.40909
34,90,1.41778
34,92,1.42609
34,94,1.4383
34,96,1.44792
34,98,1.4551
35,2,1.05
35,4,1.05
35,6,1.06667
35,8,1.0625
35,10,1.06
35,12,1.08333
35,14,1.08571
35,16,1.0875
35,18,1.1
35,20,1.105
35,22,1.10455
35,24,1.10833
35,26,1.11923
35,28,1.125
35,30,1.13667
35,32,1.14062
35,34,1.16176
35,36,1.16389
35,38,1.18158
35,40,1.195
35,42,1.20952
35,44,1.22273
35,46,1.22609
35,48,1.23333
35,50,1.232
35,52,1.23269
35,54,1.24074
35,56,1.25179
35,58,1.26034
35,60,1.26667
35,62,1.27742
35,64,1.28594
35,66,1.29697
35,68,1.30294
35,70,1.31143
35,72,1.325
35,74,1.33108
35,76,1.34474
35,78,1.35385
35,80,1.3625
35,82,1.37195
35,84,1.39167
35,86,1.39651
35,88,1.4
35,90,1.41222
35,92,1.41848
35,94,1.42766
35,96,1.43646
35,98,1.44694
36,2,1
36,4,1
36,6,1.03333
36,8,1.0375
36,10,1.06
36,12,1.06667
36,14,1.06429
36,16,1.08125
36,18,1.11111
36,20,1.13
36,22,1.14091
36,24,1.14167
36,26,1.14231
36,28,1.16429
36,30,1.17333
36,32,1.175
36,34,1.17941
36,36,1.18611
36,38,1.18684
36,40,1.195
36,42,1.2
36,44,1.2
36,46,1.21304
36,48,1.21875
36,50,1.23
36,52,1.25
36,54,1.26111
36,56,1.2625
36,58,1.27241
36,60,1.27833
36,62,1.2871
36,64,1.29062
36,66,1.29394
36,68,1.29706
36,70,1.30714
36,72,1.3125
36,74,1.32432
36,76,1.32895
36,78,1.34103
36,80,1.35125
36,82,1.35976
36,84,1.36667
36,86,1.37093
36,88,1.38182
36,90,1.39222
36,92,1.39348
36,94,1.40532
36,96,1.41042
36,98,1.41939
37,2,1.05
37,4,1.025
37,6,1.01667
37,8,1.0375
37,10,1.04
37,12,1.05
37,14,1.05
37,16,1.05
37,18,1.07778
37,20,1.09
37,22,1.10909
37,24,1.15417
37,26,1.16538
37,28,1.17143
37,30,1.17667
37,32,1.19062
37,34,1.19412
37,36,1.2
37,38,1.20526
37,40,1.2075
37,42,1.2119
37,44,1.23409
37,46,1.23696
37,48,1.2375
37,50,1.256
37,52,1.25962
37,54,1.25556
37,56,1.25714
37,58,1.26724
37,60,1.27833
37,62,1.28387
37,64,1.29219
37,66,1.30455
37,68,1.31176
37,70,1.32429
37,72,1.33611
37,74,1.34324
37,76,1.35658
37,78,1.3641
37,80,1.36875
37,82,1.37805
37,84,1.38571
37,86,1.3907
37,88,1.4
37,90,1.41111
37,92,1.4163
37,94,1.4234
37,96,1.43438
37,98,1.44388
38,2,1
38,4,1
38,6,1
38,8,1.0125
38,10,1.02
38,12,1.05
38,14,1.05714
38,16,1.05625
38,18,1.08889
38,20,1.1
38,22,1.10455
38,24,1.10417
38,26,1.12308
38,28,1.125
38,30,1.13
38,32,1.15313
38,34,1.15294
38,36,1.16389
38,38,1.17632
38,40,1.1975
38,42,1.20476
38,44,1.20227
38,46,1.21522
38,48,1.22292
38,50,1.232
38,52,1.23654
38,54,1.24259
38,56,1.2625
38,58,1.26379
38,60,1.26833
38,62,1.27742
38,64,1.28437
38,66,1.29394
38,68,1.31471
38,70,1.32714
38,72,1.33472
38,74,1.33919
38,76,1.34868
38,78,1.35897
38,80,1.36125
38,82,1.36829
38,84,1.37024
38,86,1.38372
38,88,1.3875
38,90,1.40222
38,92,1.40761
38,94,1.41383
38,96,1.42396
38,98,1.43367
39,2,1
39,4,1
39,6,1.01667
39,8,1.0125
39,10,1.02
39,12,1.025
39,14,1.03571
39,16,1.0375
39,18,1.03333
39,20,1.055
39,22,1.05909
39,24,1.075
39,26,1.08077
39,28,1.09286
39,30,1.1
39,32,1.11563
39,34,1.13235
39,36,1.14167
39,38,1.14474
39,40,1.1575
39,42,1.16667
39,44,1.17955
39,46,1.1913
39,48,1.19792
39,50,1.206
39,52,1.22308
39,54,1.23333
39,56,1.24464
39,58,1.25
39,60,1.26333
39,62,1.27419
39,64,1.29375
39,66,1.30152
39,68,1.30441
39,70,1.31571
39,72,1.325
39,74,1.33514
39,76,1.33816
39,78,1.35128
39,80,1.36375
39,82,1.36951
39,84,1.37857
39,86,1.3814
39,88,1.39886
39,90,1.40667
39,92,1.41848
39,94,1.42447
39,96,1.43125
39,98,1.44286
40,2,1
40,4,1
40,6,1
40,8,1.025
40,10,1.04
40,12,1.06667
40,14,1.08571
40,16,1.09375
40,18,1.08889
40,20,1.095
40,22,1.12273
40,24,1.13333
40,26,1.15
40,28,1.17143
40,30,1.19
40,32,1.19062
40,34,1.18824
40,36,1.19722
40,38,1.2
40,40,1.2075
40,42,1.22143
40,44,1.23182
40,46,1.23261
40,48,1.24167
40,50,1.242
40,52,1.24808
40,54,1.25926
40,56,1.27143
40,58,1.28103
40,60,1.28833
40,62,1.29194
40,64,1.29219
40,66,1.30303
40,68,1.30882
40,70,1.31
40,72,1.31806
40,74,1.32568
40,76,1.33684
40,78,1.34359
40,80,1.355
40,82,1.35976
40,84,1.3619
40,86,1.36977
40,88,1.37614
40,90,1.38556
40,92,1.39239
40,94,1.40638
40,96,1.41667
40,98,1.42653
41,2,1
41,4,1
41,6,1.01667
41,8,1.0125
41,10,1.02
41,12,1.03333
41,14,1.05
41,16,1.05625
41,18,1.06667
41,20,1.09
41,22,1.10909
41,24,1.10417
41,26,1.1
41,28,1.11071
41,30,1.12
41,32,1.11875
41,34,1.12353
41,36,1.12778
41,38,1.14211
41,40,1.1525
41,42,1.16429
41,44,1.175
41,46,1.17826
41,48,1.18958
41,50,1.2
41,52,1.22115
41,54,1.22778
41,56,1.2375
41,58,1.24828
41,60,1.26167
41,62,1.26935
41,64,1.275
41,66,1.28788
41,68,1.29853
41,70,1.30714
41,72,1.30972
41,74,1.31351
41,76,1.31974
41,78,1.3359
41,80,1.3375
41,82,1.35488
41,84,1.36548
41,86,1.36744
41,88,1.37727
41,90,1.38333
41,92,1.38478
41,94,1.39149
41,96,1.39375
41,98,1.40612
42,2,1
42,4,1
42,6,1
42,8,1.025
42,10,1.03
42,12,1.04167
42,14,1.05714
42,16,1.06875
42,18,1.06667
42,20,1.075
42,22,1.06818
42,24,1.0875
42,26,1.09231
42,28,1.09643
42,30,1.09667
42,32,1.10312
42,34,1.11765
42,36,1.14444
42,38,1.16053
42,40,1.17
42,42,1.19048
42,44,1.2
42,46,1.20217
42,48,1.2125
42,50,1.218
42,52,1.21731
42,54,1.23148
42,56,1.23571
42,58,1.23621
42,60,1.25167
42,62,1.26613
42,64,1.27969
42,66,1.3
42,68,1.31029
42,70,1.32
42,72,1.32222
42,74,1.33514
42,76,1.34868
42,78,1.35256
42,80,1.36125
42,82,1.36098
42,84,1.36667
42,86,1.37674
42,88,1.38864
42,90,1.4
42,92,1.40652
42,94,1.41064
42,96,1.41354
42,98,1.42449
43,2,1
43,4,1
43,6,1
43,8,1.0125
43,10,1.06
43,12,1.05833
43,14,1.06429
43,16,1.0625
43,18,1.06111
43,20,1.08
43,22,1.07727
43,24,1.07917
43,26,1.09615
43,28,1.11071
43,30,1.11
43,32,1.11563
43,34,1.10882
43,36,1.11111
43,38,1.12105
43,40,1.1325
43,42,1.14524
43,44,1.15227
43,46,1.16522
43,48,1.16667
43,50,1.186
43,52,1.19423
43,54,1.2
43,56,1.21964
43,58,1.22759
43,60,1.23833
43,62,1.24516
43,64,1.25
43,66,1.26212
43,68,1.27059
43,70,1.27429
43,72,1.28056
43,74,1.29595
43,76,1.30921
43,78,1.32179
43,80,1.32875
43,82,1.34024
43,84,1.35119
43,86,1.35698
43,88,1.36818
43,90,1.37111
43,92,1.38043
43,94,1.3883
43,96,1.39583
43,98,1.40918
44,2,1
44,4,1
44,6,1
44,8,1
44,10,1.01
44,12,1.025
44,14,1.03571
44,16,1.0375
44,18,1.05
44,20,1.07
44,22,1.07727
44,24,1.08333
44,26,1.09615
44,28,1.10357
44,30,1.11667
44,32,1.12188
44,34,1.13529
44,36,1.15833
44,38,1.17105
44,40,1.1725
44,42,1.17857
44,44,1.18864
44,46,1.19348
44,48,1.19375
44,50,1.198
44,52,1.20769
44,54,1.21852
44,56,1.23393
44,58,1.2569
44,60,1.27
44,62,1.28226
44,64,1.29062
44,66,1.30152
44,68,1.31471
44,70,1.32143
44,72,1.32917
44,74,1.33919
44,76,1.34474
44,78,1.35128
44,80,1.35875
44,82,1.36829
44,84,1.37381
44,86,1.37442
44,88,1.37841
44,90,1.38111
44,92,1.3913
44,94,1.39574
44,96,1.40417
44,98,1.4051
45,2,1
45,4,1.025
45,6,1.01667
45,8,1.025
45,10,1.03
45,12,1.05
45,14,1.05714
45,16,1.0625
45,18,1.06667
45,20,1.08
45,22,1.08182
45,24,1.09167
45,26,1.10385
45,28,1.11071
45,30,1.12667
45,32,1.14375
45,34,1.14118
45,36,1.14167
45,38,1.16053
45,40,1.1625
45,42,1.17381
45,44,1.17727
45,46,1.18261
45,48,1.19792
45,50,1.208
45,52,1.21346
45,54,1.22037
45,56,1.23214
45,58,1.24828
45,60,1.26
45,62,1.26935
45,64,1.27969
45,66,1.29242
45,68,1.30294
45,70,1.31143
45,72,1.32361
45,74,1.32973
45,76,1.33421
45,78,1.34231
45,80,1.35625
45,82,1.36829
45,84,1.37381
45,86,1.37674
45,88,1.38409
45,90,1.4
45,92,1.40761
45,94,1.41596
45,96,1.42708
45,98,1.43367
46,2,1
46,4,1.025
46,6,1.01667
46,8,1.0375
46,10,1.03
46,12,1.025
46,14,1.04286
46,16,1.0625
46,18,1.05556
46,20,1.06
46,22,1.07273
46,24,1.0875
46,26,1.09231
46,28,1.10714
46,30,1.11333
46,32,1.12188
46,34,1.12941
46,36,1.13056
46,38,1.14737
46,40,1.165
46,42,1.17143
46,44,1.18182
46,46,1.18913
46,48,1.21042
46,50,1.228
46,52,1.225
46,54,1.22963
46,56,1.23571
46,58,1.23793
46,60,1.24833
46,62,1.25645
46,64,1.26719
46,66,1.2803
46,68,1.28529
46,70,1.29143
46,72,1.30278
46,74,1.31622
46,76,1.325
46,78,1.33205
46,80,1.34875
46,82,1.35732
46,84,1.35952
46,86,1.36279
46,88,1.37045
46,90,1.38
46,92,1.38587
46,94,1.39255
46,96,1.4
46,98,1.41122
47,2,1
47,4,1.025
47,6,1.03333
47,8,1.0375
47,10,1.05
47,12,1.05833
47,14,1.07857
47,16,1.075
47,18,1.08333
47,20,1.085
47,22,1.1
47,24,1.09583
47,26,1.1
47,28,1.11786
47,30,1.12333
47,32,1.1375
47,34,1.14118
47,36,1.14722
47,38,1.16053
47,40,1.17
47,42,1.18333
47,44,1.18864
47,46,1.2
47,48,1.21667
47,50,1.226
47,52,1.24423
47,54,1.25
47,56,1.26071
47,58,1.26897
47,60,1.27
47,62,1.26452
47,64,1.275
47,66,1.28333
47,68,1.29412
47,70,1.30429
47,72,1.30417
47,74,1.30541
47,76,1.31579
47,78,1.32051
47,80,1.34
47,82,1.3439
47,84,1.35476
47,86,1.36628
47,88,1.37159
47,90,1.39111
47,92,1.39565
47,94,1.40851
47,96,1.42188
47,98,1.42143
48,2,1
48,4,1.025
48,6,1.03333
48,8,1.025
48,10,1.04
48,12,1.06667
48,14,1.07143
48,16,1.1
48,18,1.11111
48,20,1.115
48,22,1.12727
48,24,1.125
48,26,1.13462
48,28,1.13929
48,30,1.15333
48,32,1.15937
48,34,1.18529
48,36,1.19444
48,38,1.20263
48,40,1.2075
48,42,1.22143
48,44,1.23182
48,46,1.2413
48,48,1.24792
48,50,1.26
48,52,1.26154
48,54,1.26296
48,56,1.26786
48,58,1.28793
48,60,1.295
48,62,1.30323
48,64,1.31406
48,66,1.32576
48,68,1.33529
48,70,1.34714
48,72,1.35833
48,74,1.37568
48,76,1.38421
48,78,1.38846
48,80,1.3975
48,82,1.4122
48,84,1.42619
48,86,1.4314
48,88,1.43182
48,90,1.44
48,92,1.44457
48,94,1.45106
48,96,1.45312
48,98,1.4551
49,2,1
49,4,1
49,6,1.01667
49,8,1.0375
49,10,1.04
49,12,1.05
49,14,1.06429
49,16,1.06875
49,18,1.08333
49,20,1.105
49,22,1.10455
49,24,1.10833
49,26,1.11538
49,28,1.13571
49,30,1.14333
49,32,1.14375
49,34,1.15588
49,36,1.16389
49,38,1.17632
49,40,1.175
49,42,1.18333
49,44,1.2
49,46,1.20435
49,48,1.22292
49,50,1.228
49,52,1.24615
49,54,1.25926
49,56,1.26964
49,58,1.28966
49,60,1.30333
49,62,1.31129
49,64,1.31719
49,66,1.3197
49,68,1.325
49,70,1.33286
49,72,1.34444
49,74,1.35135
49,76,1.37105
49,78,1.37821
49,80,1.38125
49,82,1.39024
49,84,1.4
49,86,1.40698
49,88,1.41364
49,90,1.41222
49,92,1.42065
49,94,1.42128
49,96,1.42708
49,98,1.43673
50,2,1
50,4,1.025
50,6,1.01667
50,8,1.0125
50,10,1.03
50,12,1.04167
50,14,1.04286
50,16,1.0625
50,18,1.07778
50,20,1.075
50,22,1.08636
50,24,1.09583
50,26,1.10769
50,28,1.125
50,30,1.13
50,32,1.1375
50,34,1.14706
50,36,1.15278
50,38,1.15789
50,40,1.1625
50,42,1.16429
50,44,1.17045
50,46,1.18261
50,48,1.1875
50,50,1.198
50,52,1.20769
50,54,1.21667
50,56,1.22857
50,58,1.23793
50,60,1.24167
50,62,1.24839
50,64,1.25937
50,66,1.27121
50,68,1.28088
50,70,1.29
50,72,1.29861
50,74,1.31892
50,76,1.31974
50,78,1.33333
50,80,1.34625
50,82,1.35366
50,84,1.35357
50,86,1.36628
50,88,1.38295
50,90,1.4
50,92,1.40652
50,94,1.4117
50,96,1.41771
50,98,1.42245
51,2,1
51,4,1.025
51,6,1.03333
51,8,1.0375
51,10,1.03
51,12,1.025
51,14,1.05
51,16,1.05
51,18,1.05556
51,20,1.06
51,22,1.05455
51,24,1.075
51,26,1.08077
51,28,1.08929
51,30,1.1
51,32,1.1
51,34,1.10294
51,36,1.11111
51,38,1.13158
51,40,1.1475
51,42,1.16905
51,44,1.18409
51,46,1.18261
51,48,1.19375
51,50,1.2
51,52,1.22115
51,54,1.22778
51,56,1.2375
51,58,1.24483
51,60,1.25167
51,62,1.26129
51,64,1.27344
51,66,1.28182
51,68,1.28824
51,70,1.29286
51,72,1.30139
51,74,1.31757
51,76,1.33026
51,78,1.34359
51,80,1.355
51,82,1.35976
51,84,1.36071
51,86,1.37558
51,88,1.38068
51,90,1.39333
51,92,1.40326
51,94,1.4117
51,96,1.43021
51,98,1.4398
52,2,1
52,4,1
52,6,1
52,8,1.0125
52,10,1.02
52,12,1.025
52,14,1.02857
52,16,1.05625
52,18,1.08333
52,20,1.085
52,22,1.11818
52,24,1.125
52,26,1.12692
52,28,1.12857
52,30,1.13667
52,32,1.15313
52,34,1.15294
52,36,1.16111
52,38,1.17632
52,40,1.1775
52,42,1.18571
52,44,1.18864
52,46,1.1913
52,48,1.19375
52,50,1.204
52,52,1.21346
52,54,1.22407
52,56,1.23571
52,58,1.2431
52,60,1.24333
52,62,1.25806
52,64,1.26406
52,66,1.27727
52,68,1.28382
52,70,1.29143
52,72,1.30278
52,74,1.31081
52,76,1.32105
52,78,1.32564
52,80,1.32875
52,82,1.34756
52,84,1.35714
52,86,1.36047
52,88,1.37386
52,90,1.38333
52,92,1.39022
52,94,1.4
52,96,1.4125
52,98,1.42143
53,2,1
53,4,1.025
53,6,1.01667
53,8,1.0125
53,10,1.07
53,12,1.06667
53,14,1.07143
53,16,1.0875
53,18,1.10556
53,20,1.115
53,22,1.14545
53,24,1.1375
53,26,1.14231
53,28,1.13571
53,30,1.13333
53,32,1.14688
53,34,1.15882
53,36,1.175
53,38,1.17632
53,40,1.1775
53,42,1.18571
53,44,1.2
53,46,1.21739
53,48,1.22708
53,50,1.23
53,52,1.24423
53,54,1.2537
53,56,1.26607
53,58,1.27414
53,60,1.27333
53,62,1.29839
53,64,1.30625
53,66,1.32121
53,68,1.32647
53,70,1.33857
53,72,1.35972
53,74,1.36757
53,76,1.38289
53,78,1.38077
53,80,1.37875
53,82,1.38902
53,84,1.39762
53,86,1.40814
53,88,1.41477
53,90,1.42889
53,92,1.43696
53,94,1.44574
53,96,1.46146
53,98,1.46633
54,2,1
54,4,1
54,6,1
54,8,1.025
54,10,1.02
54,12,1.025
54,14,1.02143
54,16,1.04375
54,18,1.05556
54,20,1.065
54,22,1.07727
54,24,1.0875
54,26,1.09231
54,28,1.09643
54,30,1.11333
54,32,1.12188
54,34,1.14412
54,36,1.15556
54,38,1.18421
54,40,1.1925
54,42,1.20952
54,44,1.20682
54,46,1.21087
54,48,1.21458
54,50,1.248
54,52,1.25385
54,54,1.26852
54,56,1.28036
54,58,1.29138
54,60,1.29167
54,62,1.29516
54,64,1.30625
54,66,1.31515
54,68,1.33235
54,70,1.34143
54,72,1.34722
54,74,1.36351
54,76,1.36842
54,78,1.37308
54,80,1.37375
54,82,1.37927
54,84,1.38214
54,86,1.3907
54,88,1.39318
54,90,1.40556
54,92,1.41522
54,94,1.42021
54,96,1.43021
54,98,1.44082
55,2,1
55,4,1.025
55,6,1.01667
55,8,1.075
55,10,1.06
55,12,1.06667
55,14,1.07857
55,16,1.09375
55,18,1.09444
55,20,1.11
55,22,1.11818
55,24,1.12917
55,26,1.13077
55,28,1.14643
55,30,1.15
55,32,1.15625
55,34,1.16176
55,36,1.17222
55,38,1.17895
55,40,1.1775
55,42,1.18571
55,44,1.20682
55,46,1.21957
55,48,1.22708
55,50,1.248
55,52,1.27885
55,54,1.28148
55,56,1.2875
55,58,1.29828
55,60,1.29833
55,62,1.31452
55,64,1.32031
55,66,1.32879
55,68,1.33971
55,70,1.34571
55,72,1.35556
55,74,1.35541
55,76,1.36316
55,78,1.36538
55,80,1.38375
55,82,1.38902
55,84,1.3869
55,86,1.39186
55,88,1.39886
55,90,1.40556
55,92,1.41957
55,94,1.43191
55,96,1.44583
55,98,1.4551
56,2,1
56,4,1.025
56,6,1.01667
56,8,1.0125
56,10,1.04
56,12,1.05
56,14,1.05
56,16,1.05625
56,18,1.06111
56,20,1.06
56,22,1.06364
56,24,1.0875
56,26,1.09615
56,28,1.10357
56,30,1.11
56,32,1.14062
56,34,1.15
56,36,1.16389
56,38,1.17105
56,40,1.1725
56,42,1.18571
56,44,1.19773
56,46,1.20652
56,48,1.22083
56,50,1.228
56,52,1.23846
56,54,1.25741
56,56,1.26071
56,58,1.27414
56,60,1.285
56,62,1.30645
56,64,1.32031
56,66,1.33333
56,68,1.34265
56,70,1.35571
56,72,1.37083
56,74,1.37973
56,76,1.38684
56,78,1.39487
56,80,1.4025
56,82,1.40732
56,84,1.41786
56,86,1.42674
56,88,1.43295
56,90,1.43667
56,92,1.4413
56,94,1.44362
56,96,1.45729
56,98,1.46735
57,2,1
57,4,1
57,6,1.03333
57,8,1.0375
57,10,1.05
57,12,1.05
57,14,1.05714
57,16,1.0625
57,18,1.06111
57,20,1.075
57,22,1.09091
57,24,1.09583
57,26,1.08846
57,28,1.1
57,30,1.11
57,32,1.13125
57,34,1.13529
57,36,1.15278
57,38,1.15789
57,40,1.1725
57,42,1.20238
57,44,1.20227
57,46,1.21304
57,48,1.21458
57,50,1.222
57,52,1.23654
57,54,1.24815
57,56,1.26071
57,58,1.26552
57,60,1.28
57,62,1.28226
57,64,1.28594
57,66,1.28788
57,68,1.29706
57,70,1.3
57,72,1.30278
57,74,1.31757
57,76,1.32105
57,78,1.33077
57,80,1.33875
57,82,1.3439
57,84,1.35119
57,86,1.36744
57,88,1.37386
57,90,1.38556
57,92,1.39674
57,94,1.40319
57,96,1.41042
57,98,1.41939
58,2,1
58,4,1
58,6,1.01667
58,8,1.025
58,10,1.04
58,12,1.05
58,14,1.05714
58,16,1.0875
58,18,1.11111
58,20,1.125
58,22,1.12273
58,24,1.125
58,26,1.14615
58,28,1.15714
58,30,1.16667
58,32,1.175
58,34,1.18529
58,36,1.19722
58,38,1.19474
58,40,1.2025
58,42,1.20952
58,44,1.23182
58,46,1.23696
58,48,1.25
58,50,1.256
58,52,1.26346
58,54,1.27222
58,56,1.27321
58,58,1.28448
58,60,1.29167
58,62,1.29194
58,64,1.30938
58,66,1.32576
58,68,1.33529
58,70,1.34429
58,72,1.35139
58,74,1.35676
58,76,1.35789
58,78,1.36154
58,80,1.38
58,82,1.3878
58,84,1.39167
58,86,1.40349
58,88,1.40455
58,90,1.41556
58,92,1.42935
58,94,1.43723
58,96,1.44167
58,98,1.45204
59,2,1
59,4,1
59,6,1
59,8,1.025
59,10,1.04
59,12,1.04167
59,14,1.05714
59,16,1.05625
59,18,1.07222
59,20,1.095
59,22,1.09545
59,24,1.10833
59,26,1.10385
59,28,1.10714
59,30,1.12
59,32,1.125
59,34,1.12647
59,36,1.13056
59,38,1.14737
59,40,1.1625
59,42,1.16429
59,44,1.16591
59,46,1.17391
59,48,1.175
59,50,1.194
59,52,1.19808
59,54,1.20926
59,56,1.21964
59,58,1.22586
59,60,1.235
59,62,1.24194
59,64,1.25312
59,66,1.26364
59,68,1.27059
59,70,1.28286
59,72,1.28472
59,74,1.28919
59,76,1.29737
59,78,1.3141
59,80,1.3225
59,82,1.33293
59,84,1.34048
59,86,1.35581
59,88,1.36136
59,90,1.37111
59,92,1.3837
59,94,1.38723
59,96,1.39479
59,98,1.40714
60,2,1
60,4,1
60,6,1
60,8,1.0375
60,10,1.04
60,12,1.05833
60,14,1.07143
60,16,1.06875
60,18,1.08333
60,20,1.085
60,22,1.1
60,24,1.10417
60,26,1.12308
60,28,1.12143
60,30,1.13333
60,32,1.15
60,34,1.16176
60,36,1.16111
60,38,1.16842
60,40,1.18
60,42,1.17857
60,44,1.18409
60,46,1.19348
60,48,1.20417
60,50,1.218
60,52,1.24038
60,54,1.24815
60,56,1.26429
60,58,1.28103
60,60,1.29833
60,62,1.3
60,64,1.30469
60,66,1.31667
60,68,1.32647
60,70,1.33143
60,72,1.33889
60,74,1.35676
60,76,1.36447
60,78,1.37051
60,80,1.375
60,82,1.38537
60,84,1.3869
60,86,1.39884
60,88,1.40568
60,90,1.41889
60,92,1.42174
60,94,1.42979
60,96,1.43854
60,98,1.4449
61,2,1
61,4,1
61,6,1.03333
61,8,1.05
61,10,1.06
61,12,1.06667
61,14,1.05714
61,16,1.0625
61,18,1.07222
61,20,1.1
61,22,1.11818
61,24,1.11667
61,26,1.11923
61,28,1.13214
61,30,1.13667
61,32,1.15
61,34,1.17059
61,36,1.19444
61,38,1.20263
61,40,1.21
61,42,1.21667
61,44,1.22955
61,46,1.23478
61,48,1.24375
61,50,1.256
61,52,1.26154
61,54,1.26481
61,56,1.27321
61,58,1.27414
61,60,1.28833
61,62,1.30806
61,64,1.31094
61,66,1.31667
61,68,1.32647
61,70,1.33286
61,72,1.34722
61,74,1.35405
61,76,1.35921
61,78,1.36795
61,80,1.3825
61,82,1.39146
61,84,1.4
61,86,1.40814
61,88,1.41932
61,90,1.42667
61,92,1.4337
61,94,1.44149
61,96,1.44792
61,98,1.46224
62,2,1
62,4,1
62,6,1
62,8,1.0375
62,10,1.04
62,12,1.05
62,14,1.05714
62,16,1.08125
62,18,1.09444
62,20,1.11
62,22,1.10455
62,24,1.10417
62,26,1.11154
62,28,1.11786
62,30,1.12667
62,32,1.12812
62,34,1.13529
62,36,1.15
62,38,1.15789
62,40,1.1625
62,42,1.16429
62,44,1.17955
62,46,1.18913
62,48,1.19792
62,50,1.194
62,52,1.20577
62,54,1.21481
62,56,1.22679
62,58,1.24655
62,60,1.25333
62,62,1.26452
62,64,1.28437
62,66,1.29697
62,68,1.30588
62,70,1.31
62,72,1.32778
62,74,1.34459
62,76,1.34605
62,78,1.35128
62,80,1.35
62,82,1.36585
62,84,1.37381
62,86,1.38256
62,88,1.39318
62,90,1.40667
62,92,1.41087
62,94,1.41596
62,96,1.425
62,98,1.42755
63,2,1
63,4,1
63,6,1.01667
63,8,1.025
63,10,1.04
63,12,1.05
63,14,1.07857
63,16,1.1
63,18,1.1
63,20,1.11
63,22,1.12273
63,24,1.1125
63,26,1.11154
63,28,1.12857
63,30,1.14667
63,32,1.15625
63,34,1.16471
63,36,1.17778
63,38,1.18421
63,40,1.1875
63,42,1.1881
63,44,1.19773
63,46,1.21087
63,48,1.23125
63,50,1.236
63,52,1.25192
63,54,1.26111
63,56,1.26786
63,58,1.28621
63,60,1.30167
63,62,1.30968
63,64,1.31719
63,66,1.3197
63,68,1.32941
63,70,1.34
63,72,1.34861
63,74,1.36622
63,76,1.36316
63,78,1.36282
63,80,1.375
63,82,1.37805
63,84,1.38452
63,86,1.38953
63,88,1.4
63,90,1.40889
63,92,1.41957
63,94,1.4266
63,96,1.4375
63,98,1.4449
64,2,1
64,4,1
64,6,1
64,8,1
64,10,1.01
64,12,1.01667
64,14,1.02857
64,16,1.05625
64,18,1.06111
64,20,1.08
64,22,1.09545
64,24,1.10417
64,26,1.10769
64,28,1.12857
64,30,1.13667
64,32,1.14062
64,34,1.14412
64,36,1.14722
64,38,1.15789
64,40,1.175
64,42,1.18333
64,44,1.2
64,46,1.20217
64,48,1.2125
64,50,1.224
64,52,1.23269
64,54,1.23889
64,56,1.24286
64,58,1.25
64,60,1.26333
64,62,1.26452
64,64,1.27813
64,66,1.28182
64,68,1.29412
64,70,1.30571
64,72,1.30556
64,74,1.31486
64,76,1.33026
64,78,1.33974
64,80,1.3525
64,82,1.36463
64,84,1.375
64,86,1.38256
64,88,1.38864
64,90,1.39667
64,92,1.40109
64,94,1.40426
64,96,1.41979
64,98,1.42857
65,2,1
65,4,1
65,6,1.01667
65,8,1.0125
65,10,1.02
65,12,1.05
65,14,1.05
65,16,1.0625
65,18,1.06667
65,20,1.085
65,22,1.08636
65,24,1.1
65,26,1.10769
65,28,1.12857
65,30,1.14333
65,32,1.15313
65,34,1.15294
65,36,1.17222
65,38,1.19474
65,40,1.205
65,42,1.20714
65,44,1.20909
65,46,1.21957
65,48,1.22083
65,50,1.228
65,52,1.23846
65,54,1.25
65,56,1.25179
65,58,1.25517
65,60,1.255
65,62,1.26613
65,64,1.27031
65,66,1.27576
65,68,1.28529
65,70,1.30571
65,72,1.31389
65,74,1.32432
65,76,1.33026
65,78,1.33846
65,80,1.355
65,82,1.36829
65,84,1.37262
65,86,1.37442
65,88,1.38977
65,90,1.40556
65,92,1.40978
65,94,1.41702
65,96,1.43021
65,98,1.43878
66,2,1
66,4,1
66,6,1
66,8,1
66,10,1.04
66,12,1.03333
66,14,1.02857
66,16,1.05
66,18,1.05556
66,20,1.06
66,22,1.07727
66,24,1.0875
66,26,1.10769
66,28,1.11786
66,30,1.13
66,32,1.14062
66,34,1.14412
66,36,1.15278
66,38,1.15263
66,40,1.155
66,42,1.15952
66,44,1.17045
66,46,1.18261
66,48,1.20625
66,50,1.226
66,52,1.23654
66,54,1.23519
66,56,1.24286
66,58,1.25172
66,60,1.26
66,62,1.27097
66,64,1.28594
66,66,1.29697
66,68,1.31029
66,70,1.31714
66,72,1.32083
66,74,1.34189
66,76,1.34868
66,78,1.35769
66,80,1.36
66,82,1.36829
66,84,1.37024
66,86,1.38023
66,88,1.38295
66,90,1.39222
66,92,1.39891
66,94,1.40319
66,96,1.41354
66,98,1.41633
67,2,1
67,4,1.075
67,6,1.05
67,8,1.0875
67,10,1.08
67,12,1.09167
67,14,1.09286
67,16,1.08125
67,18,1.10556
67,20,1.11
67,22,1.11364
67,24,1.1125
67,26,1.13077
67,28,1.13571
67,30,1.14667
67,32,1.15625
67,34,1.15588
67,36,1.16389
67,38,1.16053
67,40,1.1675
67,42,1.17857
67,44,1.18409
67,46,1.19348
67,48,1.20208
67,50,1.214
67,52,1.21538
67,54,1.21481
67,56,1.22321
67,58,1.23103
67,60,1.24167
67,62,1.25484
67,64,1.27031
67,66,1.27424
67,68,1.28529
67,70,1.29429
67,72,1.29722
67,74,1.30946
67,76,1.31974
67,78,1.32051
67,80,1.3225
67,82,1.33415
67,84,1.35119
67,86,1.35814
67,88,1.36364
67,90,1.37667
67,92,1.38478
67,94,1.39468
67,96,1.40521
67,98,1.41531
68,2,1
68,4,1
68,6,1.01667
68,8,1.0375
68,10,1.04
68,12,1.05
68,14,1.04286
68,16,1.04375
68,18,1.04444
68,20,1.055
68,22,1.06818
68,24,1.075
68,26,1.08077
68,28,1.08571
68,30,1.09333
68,32,1.11875
68,34,1.13235
68,36,1.13056
68,38,1.12895
68,40,1.14
68,42,1.15
68,44,1.15227
68,46,1.16304
68,48,1.16875
68,50,1.2
68,52,1.21346
68,54,1.21852
68,56,1.2375
68,58,1.2569
68,60,1.27
68,62,1.28065
68,64,1.29062
68,66,1.30303
68,68,1.31029
68,70,1.31714
68,72,1.32083
68,74,1.32027
68,76,1.33421
68,78,1.34744
68,80,1.35875
68,82,1.36829
68,84,1.37738
68,86,1.37791
68,88,1.38977
68,90,1.40889
68,92,1.41196
68,94,1.41596
68,96,1.42396
68,98,1.43469
69,2,1.05
69,4,1.05
69,6,1.05
69,8,1.0625
69,10,1.06
69,12,1.06667
69,14,1.07857
69,16,1.0875
69,18,1.08889
69,20,1.08
69,22,1.08182
69,24,1.0875
69,26,1.1
69,28,1.10714
69,30,1.12
69,32,1.13125
69,34,1.13824
69,36,1.15278
69,38,1.17105
69,40,1.1725
69,42,1.18095
69,44,1.18182
69,46,1.18696
69,48,1.2
69,50,1.212
69,52,1.22692
69,54,1.23148
69,56,1.23214
69,58,1.23966
69,60,1.24667
69,62,1.25
69,64,1.25625
69,66,1.25606
69,68,1.26618
69,70,1.28143
69,72,1.28333
69,74,1.29189
69,76,1.30132
69,78,1.30256
69,80,1.31875
69,82,1.33293
69,84,1.34048
69,86,1.35
69,88,1.35795
69,90,1.36667
69,92,1.37826
69,94,1.3883
69,96,1.39271
69,98,1.40816
70,2,1
70,4,1
70,6,1.06667
70,8,1.075
70,10,1.06
70,12,1.06667
70,14,1.06429
70,16,1.08125
70,18,1.08333
70,20,1.08
70,22,1.08636
70,24,1.1
70,26,1.10385
70,28,1.11786
70,30,1.12333
70,32,1.13437
70,34,1.15
70,36,1.15833
70,38,1.18158
70,40,1.185
70,42,1.18333
70,44,1.18864
70,46,1.20217
70,48,1.21667
70,50,1.238
70,52,1.25
70,54,1.25556
70,56,1.26607
70,58,1.26724
70,60,1.27167
70,62,1.27742
70,64,1.28281
70,66,1.29394
70,68,1.30147
70,70,1.31143
70,72,1.32917
70,74,1.34459
70,76,1.35263
70,78,1.36923
70,80,1.37125
70,82,1.37805
70,84,1.38452
70,86,1.38721
70,88,1.39205
70,90,1.39778
70,92,1.40543
70,94,1.41064
70,96,1.42292
70,98,1.43265
71,2,1
71,4,1.025
71,6,1.03333
71,8,1.0375
71,10,1.05
71,12,1.06667
71,14,1.07143
71,16,1.08125
71,18,1.08889
71,20,1.09
71,22,1.09091
71,24,1.10417
71,26,1.11154
71,28,1.11071
71,30,1.12333
71,32,1.12812
71,34,1.13529
71,36,1.14167
71,38,1.15526
71,40,1.1625
71,42,1.17619
71,44,1.17727
71,46,1.17174
71,48,1.17917
71,50,1.19
71,52,1.20192
71,54,1.21667
71,56,1.2375
71,58,1.24483
71,60,1.25833
71,62,1.2629
71,64,1.27656
71,66,1.28636
71,68,1.29706
71,70,1.31571
71,72,1.32778
71,74,1.33649
71,76,1.35263
71,78,1.36282
71,80,1.36625
71,82,1.37317
71,84,1.37857
71,86,1.38721
71,88,1.39091
71,90,1.39889
71,92,1.41196
71,94,1.41809
71,96,1.41979
71,98,1.42551
72,2,1
72,4,1
72,6,1.03333
72,8,1.0375
72,10,1.05
72,12,1.05833
72,14,1.07857
72,16,1.10625
72,18,1.10556
72,20,1.105
72,22,1.11364
72,24,1.1125
72,26,1.11923
72,28,1.12857
72,30,1.12667
72,32,1.14062
72,34,1.14412
72,36,1.16667
72,38,1.18684
72,40,1.2
72,42,1.20714
72,44,1.21818
72,46,1.21957
72,48,1.22708
72,50,1.23
72,52,1.24038
72,54,1.2463
72,56,1.25179
72,58,1.25862
72,60,1.26667
72,62,1.27903
72,64,1.28281
72,66,1.29091
72,68,1.30294
72,70,1.32
72,72,1.325
72,74,1.33108
72,76,1.34605
72,78,1.35513
72,80,1.36
72,82,1.36585
72,84,1.37381
72,86,1.39186
72,88,1.40568
72,90,1.41889
72,92,1.42717
72,94,1.44043
72,96,1.46042
72,98,1.47347
73,2,1
73,4,1.025
73,6,1.05
73,8,1.0375
73,10,1.05
73,12,1.05833
73,14,1.05714
73,16,1.05625
73,18,1.07222
73,20,1.095
73,22,1.09091
73,24,1.10833
73,26,1.11538
73,28,1.11429
73,30,1.13333
73,32,1.14062
73,34,1.14412
73,36,1.15
73,38,1.15263
73,40,1.16
73,42,1.17381
73,44,1.19091
73,46,1.2
73,48,1.20417
73,50,1.218
73,52,1.23846
73,54,1.23519
73,56,1.25179
73,58,1.25862
73,60,1.26333
73,62,1.27097
73,64,1.27656
73,66,1.28333
73,68,1.29706
73,70,1.31286
73,72,1.31667
73,74,1.32162
73,76,1.325
73,78,1.33462
73,80,1.35375
73,82,1.36098
73,84,1.37619
73,86,1.39186
73,88,1.40341
73,90,1.42111
73,92,1.42826
73,94,1.43723
73,96,1.45
73,98,1.45918
74,2,1.05
74,4,1.025
74,6,1.01667
74,8,1.0125
74,10,1.03
74,12,1.04167
74,14,1.04286
74,16,1.05625
74,18,1.08333
74,20,1.105
74,22,1.11818
74,24,1.11667
74,26,1.11538
74,28,1.13571
74,30,1.13667
74,32,1.1375
74,34,1.14412
74,36,1.16111
74,38,1.17368
74,40,1.185
74,42,1.2
74,44,1.21136
74,46,1.22174
74,48,1.2375
74,50,1.25
74,52,1.25577
74,54,1.25741
74,56,1.26071
74,58,1.27069
74,60,1.29
74,62,1.29355
74,64,1.30938
74,66,1.31061
74,68,1.31029
74,70,1.31571
74,72,1.325
74,74,1.33784
74,76,1.35
74,78,1.35513
74,80,1.36375
74,82,1.37073
74,84,1.37857
74,86,1.38488
74,88,1.39205
74,90,1.39444
74,92,1.40652
74,94,1.41809
74,96,1.43021
74,98,1.43265
75,2,1
75,4,1.025
75,6,1.01667
75,8,1.025
75,10,1.04
75,12,1.05
75,14,1.04286
75,16,1.05625
75,18,1.06667
75,20,1.07
75,22,1.07273
75,24,1.07917
75,26,1.09615
75,28,1.09286
75,30,1.10333
75,32,1.12188
75,34,1.12059
75,36,1.13056
75,38,1.13947
75,40,1.145
75,42,1.14524
75,44,1.15455
75,46,1.16087
75,48,1.17083
75,50,1.182
75,52,1.19231
75,54,1.19444
75,56,1.20357
75,58,1.21552
75,60,1.225
75,62,1.23548
75,64,1.24844
75,66,1.25455
75,68,1.26324
75,70,1.27714
75,72,1.29167
75,74,1.30405
75,76,1.30921
75,78,1.31667
75,80,1.32625
75,82,1.33537
75,84,1.34286
75,86,1.35116
75,88,1.35795
75,90,1.36667
75,92,1.38261
75,94,1.39043
75,96,1.40208
75,98,1.41429
76,2,1
76,4,1
76,6,1
76,8,1
76,10,1.04
76,12,1.05
76,14,1.07143
76,16,1.08125
76,18,1.08889
76,20,1.1
76,22,1.1
76,24,1.11667
76,26,1.11538
76,28,1.13214
76,30,1.13
76,32,1.14375
76,34,1.16176
76,36,1.175
76,38,1.19474
76,40,1.2075
76,42,1.20238
76,44,1.20682
76,46,1.21739
76,48,1.22083
76,50,1.23
76,52,1.23654
76,54,1.24074
76,56,1.24464
76,58,1.2569
76,60,1.265
76,62,1.27581
76,64,1.28281
76,66,1.29545
76,68,1.29853
76,70,1.31
76,72,1.31667
76,74,1.32432
76,76,1.33816
76,78,1.34359
76,80,1.36125
76,82,1.36585
76,84,1.37143
76,86,1.37907
76,88,1.3875
76,90,1.40667
76,92,1.41196
76,94,1.41702
76,96,1.42813
76,98,1.44388
77,2,1
77,4,1.05
77,6,1.08333
77,8,1.1125
77,10,1.09
77,12,1.09167
77,14,1.1
77,16,1.0875
77,18,1.08333
77,20,1.105
77,22,1.10909
77,24,1.125
77,26,1.12308
77,28,1.12857
77,30,1.13667
77,32,1.14062
77,34,1.15
77,36,1.16111
77,38,1.17632
77,40,1.195
77,42,1.19048
77,44,1.19773
77,46,1.20217
77,48,1.21042
77,50,1.214
77,52,1.23462
77,54,1.23704
77,56,1.24286
77,58,1.26034
77,60,1.27
77,62,1.27419
77,64,1.27656
77,66,1.28182
77,68,1.29265
77,70,1.30429
77,72,1.31111
77,74,1.32432
77,76,1.33421
77,78,1.33846
77,80,1.35375
77,82,1.35488
77,84,1.375
77,86,1.38023
77,88,1.38977
77,90,1.39444
77,92,1.40109
77,94,1.41915
77,96,1.42604
77,98,1.42653
78,2,1
78,4,1
78,6,1
78,8,1
78,10,1.04
78,12,1.04167
78,14,1.04286
78,16,1.0625
78,18,1.06667
78,20,1.065
78,22,1.06364
78,24,1.0875
78,26,1.11154
78,28,1.13214
78,30,1.13
78,32,1.14375
78,34,1.14706
78,36,1.16111
78,38,1.16842
78,40,1.1825
78,42,1.19048
78,44,1.20227
78,46,1.21087
78,48,1.22083
78,50,1.244
78,52,1.26731
78,54,1.26296
78,56,1.26607
78,58,1.27931
78,60,1.28167
78,62,1.29032
78,64,1.29375
78,66,1.29697
78,68,1.30735
78,70,1.31143
78,72,1.3125
78,74,1.32703
78,76,1.33816
78,78,1.34744
78,80,1.35625
78,82,1.36098
78,84,1.36548
78,86,1.37442
78,88,1.37841
78,90,1.38778
78,92,1.39022
78,94,1.39574
78,96,1.40937
78,98,1.41531
79,2,1
79,4,1.05
79,6,1.08333
79,8,1.075
79,10,1.13
79,12,1.13333
79,14,1.16429
79,16,1.1625
79,18,1.16667
79,20,1.15
79,22,1.15
79,24,1.15417
79,26,1.15769
79,28,1.16429
79,30,1.18333
79,32,1.19062
79,34,1.2
79,36,1.20556
79,38,1.22895
79,40,1.2325
79,42,1.23095
79,44,1.23636
79,46,1.23913
79,48,1.24792
79,50,1.25
79,52,1.27308
79,54,1.28519
79,56,1.28571
79,58,1.29655
79,60,1.30833
79,62,1.31935
79,64,1.32969
79,66,1.33182
79,68,1.33676
79,70,1.33714
79,72,1.33889
79,74,1.34865
79,76,1.35263
79,78,1.36026
79,80,1.36875
79,82,1.38537
79,84,1.3881
79,86,1.39302
79,88,1.40341
79,90,1.41111
79,92,1.425
79,94,1.43936
79,96,1.44479
79,98,1.44286
80,2,1
80,4,1.025
80,6,1.01667
80,8,1.05
80,10,1.04
80,12,1.03333
80,14,1.04286
80,16,1.05625
80,18,1.07778
80,20,1.085
80,22,1.1
80,24,1.1
80,26,1.1
80,28,1.12143
80,30,1.13333
80,32,1.15313
80,34,1.17059
80,36,1.17222
80,38,1.17895
80,40,1.185
80,42,1.19048
80,44,1.18636
80,46,1.1913
80,48,1.19792
80,50,1.204
80,52,1.20769
80,54,1.22593
80,56,1.23393
80,58,1.24138
80,60,1.24833
80,62,1.25968
80,64,1.275
80,66,1.28636
80,68,1.29265
80,70,1.31143
80,72,1.31667
80,74,1.33108
80,76,1.34079
80,78,1.34487
80,80,1.35125
80,82,1.3561
80,84,1.36429
80,86,1.36977
80,88,1.37614
80,90,1.38556
80,92,1.39674
80,94,1.41277
80,96,1.41667
80,98,1.42857
81,2,1
81,4,1.025
81,6,1.01667
81,8,1.0375
81,10,1.06
81,12,1.06667
81,14,1.09286
81,16,1.0875
81,18,1.08889
81,20,1.085
81,22,1.08636
81,24,1.10833
81,26,1.11538
81,28,1.14286
81,30,1.16
81,32,1.17188
81,34,1.17353
81,36,1.175
81,38,1.18158
81,40,1.1875
81,42,1.19762
81,44,1.20909
81,46,1.21739
81,48,1.22917
81,50,1.236
81,52,1.24038
81,54,1.27037
81,56,1.275
81,58,1.28103
81,60,1.29167
81,62,1.3
81,64,1.31094
81,66,1.31515
81,68,1.31765
81,70,1.32
81,72,1.33056
81,74,1.33919
81,76,1.34211
81,78,1.35256
81,80,1.36625
81,82,1.37683
81,84,1.38214
81,86,1.3907
81,88,1.38636
81,90,1.39556
81,92,1.40543
81,94,1.41064
81,96,1.41979
81,98,1.43061
82,2,1
82,4,1.025
82,6,1.03333
82,8,1.025
82,10,1.03
82,12,1.05833
82,14,1.05714
82,16,1.05625
82,18,1.07222
82,20,1.08
82,22,1.10455
82,24,1.1125
82,26,1.10769
82,28,1.11786
82,30,1.12
82,32,1.1125
82,34,1.12941
82,36,1.13889
82,38,1.16053
82,40,1.16
82,42,1.16667
82,44,1.17273
82,46,1.1913
82,48,1.20625
82,50,1.218
82,52,1.23077
82,54,1.23704
82,56,1.24643
82,58,1.25172
82,60,1.25833
82,62,1.26613
82,64,1.26875
82,66,1.27273
82,68,1.28088
82,70,1.28571
82,72,1.28889
82,74,1.30135
82,76,1.30658
82,78,1.31923
82,80,1.33125
82,82,1.33902
82,84,1.34167
82,86,1.35
82,88,1.36364
82,90,1.38
82,92,1.38587
82,94,1.39681
82,96,1.40937
82,98,1.41531
83,2,1.1
83,4,1.1
83,6,1.06667
83,8,1.075
83,10,1.07
83,12,1.10833
83,14,1.12857
83,16,1.125
83,18,1.12222
83,20,1.13
83,22,1.12273
83,24,1.13333
83,26,1.14615
83,28,1.14643
83,30,1.17
83,32,1.1625
83,34,1.17059
83,36,1.18056
83,38,1.19474
83,40,1.21
83,42,1.22143
83,44,1.23182
83,46,1.23696
83,48,1.24375
83,50,1.256
83,52,1.27115
83,54,1.27222
83,56,1.27679
83,58,1.2931
83,60,1.29833
83,62,1.30323
83,64,1.30313
83,66,1.30606
83,68,1.31176
83,70,1.31143
83,72,1.325
83,74,1.34459
83,76,1.35395
83,78,1.35641
83,80,1.37125
83,82,1.37805
83,84,1.38333
83,86,1.39535
83,88,1.39773
83,90,1.40444
83,92,1.4087
83,94,1.41809
83,96,1.41979
83,98,1.42857
84,2,1.05
84,4,1.025
84,6,1.03333
84,8,1.0875
84,10,1.11
84,12,1.10833
84,14,1.1
84,16,1.1
84,18,1.11111
84,20,1.125
84,22,1.12727
84,24,1.12917
84,26,1.16154
84,28,1.17857
84,30,1.18667
84,32,1.1875
84,34,1.18529
84,36,1.19722
84,38,1.2
84,40,1.215
84,42,1.22381
84,44,1.225
84,46,1.23913
84,48,1.24375
84,50,1.254
84,52,1.25769
84,54,1.26852
84,56,1.26607
84,58,1.26897
84,60,1.28
84,62,1.28548
84,64,1.28906
84,66,1.29848
84,68,1.30294
84,70,1.31429
84,72,1.32222
84,74,1.33919
84,76,1.33816
84,78,1.35
84,80,1.35375
84,82,1.35976
84,84,1.36786
84,86,1.38256
84,88,1.39659
84,90,1.40778
84,92,1.41739
84,94,1.42447
84,96,1.43125
84,98,1.43673
85,2,1
85,4,1.025
85,6,1.01667
85,8,1.0375
85,10,1.06
85,12,1.05833
85,14,1.07143
85,16,1.06875
85,18,1.08333
85,20,1.09
85,22,1.1
85,24,1.1
85,26,1.11154
85,28,1.11429
85,30,1.13
85,32,1.15
85,34,1.15294
85,36,1.15556
85,38,1.16842
85,40,1.1825
85,42,1.18095
85,44,1.18864
85,46,1.19783
85,48,1.2
85,50,1.204
85,52,1.21346
85,54,1.21852
85,56,1.22321
85,58,1.22759
85,60,1.23333
85,62,1.24516
85,64,1.25937
85,66,1.26212
85,68,1.27206
85,70,1.29143
85,72,1.30139
85,74,1.31081
85,76,1.32105
85,78,1.33333
85,80,1.33875
85,82,1.34634
85,84,1.35952
85,86,1.37209
85,88,1.37841
85,90,1.38556
85,92,1.3913
85,94,1.40319
85,96,1.41562
85,98,1.42959
86,2,1.05
86,4,1.025
86,6,1.01667
86,8,1.0375
86,10,1.07
86,12,1.08333
86,14,1.07143
86,16,1.075
86,18,1.07778
86,20,1.07
86,22,1.08182
86,24,1.1
86,26,1.10769
86,28,1.11786
86,30,1.12667
86,32,1.1375
86,34,1.14412
86,36,1.15556
86,38,1.15789
86,40,1.165
86,42,1.17143
86,44,1.18409
86,46,1.18696
86,48,1.19375
86,50,1.204
86,52,1.21346
86,54,1.22037
86,56,1.22321
86,58,1.24483
86,60,1.25833
86,62,1.2629
86,64,1.27188
86,66,1.28485
86,68,1.29559
86,70,1.30571
86,72,1.3125
86,74,1.32162
86,76,1.33026
86,78,1.3359
86,80,1.345
86,82,1.34634
86,84,1.35595
86,86,1.36744
86,88,1.37727
86,90,1.39667
86,92,1.40217
86,94,1.41277
86,96,1.42604
86,98,1.43776
87,2,1
87,4,1.05
87,6,1.05
87,8,1.0625
87,10,1.07
87,12,1.075
87,14,1.08571
87,16,1.0875
87,18,1.1
87,20,1.125
87,22,1.12273
87,24,1.12917
87,26,1.13077
87,28,1.13929
87,30,1.14667
87,32,1.15313
87,34,1.15882
87,36,1.15833
87,38,1.16316
87,40,1.1775
87,42,1.18571
87,44,1.19318
87,46,1.2
87,48,1.21458
87,50,1.214
87,52,1.22885
87,54,1.24444
87,56,1.25
87,58,1.26207
87,60,1.28
87,62,1.29032
87,64,1.29688
87,66,1.29697
87,68,1.29853
87,70,1.30714
87,72,1.31528
87,74,1.32432
87,76,1.32632
87,78,1.33462
87,80,1.34125
87,82,1.35244
87,84,1.3631
87,86,1.37791
87,88,1.38182
87,90,1.39444
87,92,1.40761
87,94,1.41064
87,96,1.41771
87,98,1.42959
88,2,1
88,4,1
88,6,1
88,8,1.0375
88,10,1.05
88,12,1.06667
88,14,1.07143
88,16,1.09375
88,18,1.08889
88,20,1.085
88,22,1.08182
88,24,1.09167
88,26,1.10385
88,28,1.11786
88,30,1.11
88,32,1.11563
88,34,1.13235
88,36,1.13889
88,38,1.13947
88,40,1.145
88,42,1.15476
88,44,1.16364
88,46,1.17174
88,48,1.19375
88,50,1.198
88,52,1.20577
88,54,1.22222
88,56,1.22679
88,58,1.22759
88,60,1.235
88,62,1.25
88,64,1.25469
88,66,1.26667
88,68,1.27206
88,70,1.28714
88,72,1.29306
88,74,1.2973
88,76,1.30789
88,78,1.32436
88,80,1.33875
88,82,1.35366
88,84,1.36548
88,86,1.37558
88,88,1.38636
88,90,1.38778
88,92,1.40109
88,94,1.41277
88,96,1.42292
88,98,1.43061
89,2,1
89,4,1
89,6,1.03333
89,8,1.025
89,10,1.04
89,12,1.06667
89,14,1.06429
89,16,1.0625
89,18,1.06111
89,20,1.07
89,22,1.06818
89,24,1.07917
89,26,1.08846
89,28,1.11786
89,30,1.12667
89,32,1.14062
89,34,1.15588
89,36,1.16111
89,38,1.17368
89,40,1.185
89,42,1.19286
89,44,1.2
89,46,1.20435
89,48,1.2125
89,50,1.21
89,52,1.20769
89,54,1.21481
89,56,1.22857
89,58,1.22931
89,60,1.24
89,62,1.24839
89,64,1.24688
89,66,1.26364
89,68,1.27059
89,70,1.28857
89,72,1.29028
89,74,1.30676
89,76,1.31842
89,78,1.32821
89,80,1.34125
89,82,1.35366
89,84,1.36786
89,86,1.3814
89,88,1.38636
89,90,1.39222
89,92,1.40652
89,94,1.42021
89,96,1.42604
89,98,1.43571
90,2,1
90,4,1
90,6,1.01667
90,8,1.0125
90,10,1.01
90,12,1.04167
90,14,1.05714
90,16,1.075
90,18,1.08889
90,20,1.09
90,22,1.09545
90,24,1.10833
90,26,1.11538
90,28,1.13214
90,30,1.13333
90,32,1.13125
90,34,1.14412
90,36,1.15
90,38,1.16053
90,40,1.17
90,42,1.17619
90,44,1.18636
90,46,1.19783
90,48,1.20417
90,50,1.204
90,52,1.21346
90,54,1.22778
90,56,1.23214
90,58,1.24655
90,60,1.255
90,62,1.26613
90,64,1.27656
90,66,1.28485
90,68,1.29265
90,70,1.30857
90,72,1.3125
90,74,1.32162
90,76,1.33553
90,78,1.34359
90,80,1.35375
90,82,1.36707
90,84,1.37024
90,86,1.38372
90,88,1.39318
90,90,1.40222
90,92,1.41196
90,94,1.41383
90,96,1.42083
90,98,1.42245
91,2,1
91,4,1.025
91,6,1.03333
91,8,1.025
91,10,1.02
91,12,1.05
91,14,1.05714
91,16,1.05
91,18,1.07222
91,20,1.08
91,22,1.09091
91,24,1.09167
91,26,1.09615
91,28,1.10357
91,30,1.12333
91,32,1.13125
91,34,1.12647
91,36,1.13611
91,38,1.15
91,40,1.155
91,42,1.16429
91,44,1.18864
91,46,1.20217
91,48,1.225
91,50,1.228
91,52,1.24615
91,54,1.25741
91,56,1.25893
91,58,1.26552
91,60,1.275
91,62,1.28387
91,64,1.29219
91,66,1.29394
91,68,1.30588
91,70,1.31714
91,72,1.32639
91,74,1.33378
91,76,1.34605
91,78,1.34744
91,80,1.3575
91,82,1.36829
91,84,1.37619
91,86,1.38372
91,88,1.3875
91,90,1.40222
91,92,1.41304
91,94,1.42766
91,96,1.4375
91,98,1.44286
92,2,1
92,4,1.025
92,6,1.01667
92,8,1.0375
92,10,1.04
92,12,1.05
92,14,1.06429
92,16,1.0625
92,18,1.08889
92,20,1.095
92,22,1.09545
92,24,1.125
92,26,1.13077
92,28,1.15
92,30,1.16
92,32,1.16875
92,34,1.17647
92,36,1.18611
92,38,1.18947
92,40,1.2
92,42,1.21429
92,44,1.22045
92,46,1.22174
92,48,1.225
92,50,1.236
92,52,1.24423
92,54,1.24815
92,56,1.2625
92,58,1.26897
92,60,1.28167
92,62,1.28065
92,64,1.29531
92,66,1.30152
92,68,1.30882
92,70,1.31857
92,72,1.32917
92,74,1.33919
92,76,1.34605
92,78,1.35385
92,80,1.35625
92,82,1.36829
92,84,1.37738
92,86,1.38953
92,88,1.39886
92,90,1.41111
92,92,1.4163
92,94,1.4234
92,96,1.43021
92,98,1.44082
93,2,1
93,4,1.05
93,6,1.05
93,8,1.05
93,10,1.06
93,12,1.05833
93,14,1.07143
93,16,1.0875
93,18,1.09444
93,20,1.115
93,22,1.12273
93,24,1.12917
93,26,1.13846
93,28,1.14643
93,30,1.16
93,32,1.1625
93,34,1.17059
93,36,1.16111
93,38,1.16842
93,40,1.1825
93,42,1.1881
93,44,1.18864
93,46,1.1913
93,48,1.2
93,50,1.218
93,52,1.225
93,54,1.23889
93,56,1.25
93,58,1.24828
93,60,1.25833
93,62,1.27258
93,64,1.28437
93,66,1.28939
93,68,1.29118
93,70,1.29
93,72,1.30833
93,74,1.31486
93,76,1.325
93,78,1.34359
93,80,1.3475
93,82,1.35854
93,84,1.37143
93,86,1.3814
93,88,1.38977
93,90,1.4
93,92,1.41087
93,94,1.41809
93,96,1.42604
93,98,1.43878
94,2,1
94,4,1
94,6,1
94,8,1.0375
94,10,1.05
94,12,1.05833
94,14,1.08571
94,16,1.09375
94,18,1.10556
94,20,1.1
94,22,1.10455
94,24,1.10833
94,26,1.11538
94,28,1.125
94,30,1.14333
94,32,1.15
94,34,1.16765
94,36,1.17778
94,38,1.17632
94,40,1.1825
94,42,1.18333
94,44,1.19545
94,46,1.19565
94,48,1.20625
94,50,1.21
94,52,1.22308
94,54,1.23519
94,56,1.24286
94,58,1.25172
94,60,1.25333
94,62,1.26613
94,64,1.26875
94,66,1.27879
94,68,1.28088
94,70,1.29286
94,72,1.30694
94,74,1.31486
94,76,1.325
94,78,1.33846
94,80,1.3475
94,82,1.35854
94,84,1.36548
94,86,1.37326
94,88,1.38182
94,90,1.38889
94,92,1.39348
94,94,1.40638
94,96,1.4125
94,98,1.42041
95,2,1.05
95,4,1.025
95,6,1.05
95,8,1.0625
95,10,1.08
95,12,1.09167
95,14,1.08571
95,16,1.09375
95,18,1.10556
95,20,1.105
95,22,1.10455
95,24,1.1125
95,26,1.12308
95,28,1.12857
95,30,1.13
95,32,1.1375
95,34,1.14412
95,36,1.14722
95,38,1.16053
95,40,1.16
95,42,1.17143
95,44,1.19091
95,46,1.2087
95,48,1.21875
95,50,1.222
95,52,1.23462
95,54,1.24444
95,56,1.25357
95,58,1.2569
95,60,1.26333
95,62,1.27097
95,64,1.28437
95,66,1.29545
95,68,1.30735
95,70,1.30714
95,72,1.31806
95,74,1.33108
95,76,1.33816
95,78,1.34103
95,80,1.36375
95,82,1.37073
95,84,1.37024
95,86,1.37209
95,88,1.38068
95,90,1.39222
95,92,1.4
95,94,1.40106
95,96,1.41146
95,98,1.42143
96,2,1.05
96,4,1.075
96,6,1.05
96,8,1.0375
96,10,1.03
96,12,1.05
96,14,1.05714
96,16,1.06875
96,18,1.08333
96,20,1.105
96,22,1.09545
96,24,1.0875
96,26,1.12692
96,28,1.13571
96,30,1.15667
96,32,1.175
96,34,1.17941
96,36,1.19722
96,38,1.20263
96,40,1.2275
96,42,1.23095
96,44,1.23636
96,46,1.23696
96,48,1.25625
96,50,1.266
96,52,1.26538
96,54,1.27037
96,56,1.27321
96,58,1.28793
96,60,1.305
96,62,1.30484
96,64,1.3125
96,66,1.31818
96,68,1.325
96,70,1.33714
96,72,1.35139
96,74,1.35811
96,76,1.36316
96,78,1.36795
96,80,1.3775
96,82,1.38659
96,84,1.39881
96,86,1.41279
96,88,1.42841
96,90,1.43889
96,92,1.44348
96,94,1.45426
96,96,1.4625
96,98,1.47653
97,2,1.05
97,4,1.025
97,6,1.01667
97,8,1.025
97,10,1.07
97,12,1.075
97,14,1.11429
97,16,1.11875
97,18,1.13333
97,20,1.14
97,22,1.13636
97,24,1.14167
97,26,1.13846
97,28,1.13929
97,30,1.15333
97,32,1.1625
97,34,1.16471
97,36,1.17778
97,38,1.18421
97,40,1.2
97,42,1.21429
97,44,1.22955
97,46,1.22174
97,48,1.22917
97,50,1.234
97,52,1.23462
97,54,1.24815
97,56,1.24464
97,58,1.25862
97,60,1.26667
97,62,1.27742
97,64,1.29062
97,66,1.29545
97,68,1.30588
97,70,1.31571
97,72,1.32917
97,74,1.33243
97,76,1.33289
97,78,1.35256
97,80,1.3625
97,82,1.37805
97,84,1.3869
97,86,1.39302
97,88,1.39318
97,90,1.40333
97,92,1.40652
97,94,1.41915
97,96,1.42917
97,98,1.44082
98,2,1
98,4,1
98,6,1
98,8,1
98,10,1.03
98,12,1.03333
98,14,1.05
98,16,1.06875
98,18,1.08333
98,20,1.085
98,22,1.09091
98,24,1.10417
98,26,1.12308
98,28,1.13929
98,30,1.14667
98,32,1.15313
98,34,1.16176
98,36,1.15833
98,38,1.15789
98,40,1.175
98,42,1.18571
98,44,1.19318
98,46,1.20435
98,48,1.21458
98,50,1.218
98,52,1.22115
98,54,1.23333
98,56,1.2375
98,58,1.24828
98,60,1.255
98,62,1.26774
98,64,1.275
98,66,1.28182
98,68,1.29265
98,70,1.29429
98,72,1.29722
98,74,1.31486
98,76,1.32895
98,78,1.33462
98,80,1.3425
98,82,1.34756
98,84,1.35952
98,86,1.37558
98,88,1.38523
98,90,1.39667
98,92,1.40217
98,94,1.41596
98,96,1.42188
98,98,1.42755
99,2,1
99,4,1
99,6,1
99,8,1.0125
99,10,1.06
99,12,1.075
99,14,1.07143
99,16,1.08125
99,18,1.07778
99,20,1.1
99,22,1.10909
99,24,1.1125
99,26,1.12308
99,28,1.12857
99,30,1.13667
99,32,1.14688
99,34,1.16471
99,36,1.17778
99,38,1.18421
99,40,1.1975
99,42,1.20714
99,44,1.22273
99,46,1.23261
99,48,1.23125
99,50,1.242
99,52,1.25577
99,54,1.26296
99,56,1.27857
99,58,1.29483
99,60,1.30167
99,62,1.31452
99,64,1.31875
99,66,1.33182
99,68,1.34559
99,70,1.35143
99,72,1.36389
99,74,1.37027
99,76,1.37763
99,78,1.38718
99,80,1.395
99,82,1.4
99,84,1.4
99,86,1.40465
99,88,1.40795
99,90,1.41778
99,92,1.4337
99,94,1.44149
99,96,1.44583
99,98,1.45306
